x,y,cluster,term,genes
13.570309,10.9097595,Cluster 0,PREFRONTAL CORTEX HUMAN,CDIN1 DEFA4 MAGEB2 UGT1A6 GATA5 KIR2DL5A HOXD13 S100A14 MS4A3 IL18RAP RAB44 GSTA1 VNN2 HAND1 PRG2 S100A8 PRTN3 HBD OVOL2 HCAR3 CDX2 MPO FCGR3B HAND2 PROK2 AZU1 BPI TRIM15 CXCL8 PI3 CD177 PHOX2A AHSP NXF3 GH1 FATE1 AQP9 KRT72 XAGE1B HOXA13 APOA1 CST7 CRISP3 HCAR2 RBBP8NL DEFA3 IL1RN LCN2 IGLL1 FOLR3 CAMP ADGRG3 VCY1B MCEMP1 JCHAIN ELANE PRSS57 MAGEB1 TREM1 S100A12 S100A9 HBM CLEC4D THEG UGT1A3 FOXR2 KRT19 CXCR1 MAGEA2B MMP8 G0S2 TSPY9 NR5A1 CLC CTSG GATA4 PF4 IL1R2 TRIM50 XAGE1A KCNS1 DEFA1
12.01058,9.870223,Cluster 0,TEMPORAL LOBE HUMAN,CCL22 IL2RG KRT23 OCSTAMP OR4K14 KIR2DL1 TBX21 HBB SIGLEC7 MUC3A GZMH LCP1 TAF11L7 MMP7 CD2 RNASE2 S100A8 MMP27 ITGB2 DNASE2B CXCR2 TMEM114 CD1A HBD JAML LOC124905482 OPRPN ALAS2 KCNN4 FCMR GZMA CD4 SIT1 CHIT1 KLK1 TM4SF19 LILRA3 CYP27A1 CTSK GM2A MUCL3 NFE2 METTL7B CD300C MARCO DCSTAMP FCGR3B IL24 NPS ADAMDEC1 PDZK1IP1 LSP1 GOLGA6L24P CD48 KLK4 NMRK2 TAAR1 OR2C3 RAC2 SCGB2A2 KIR3DS1 MS4A13 USP17L20 HBA2 PI3 FGF8 CSTB CCR7 FGR AHSP CDA CD79A OR8J1 HBG1 ST14 PTPRCAP LYPD4 NR1H3 FCN1 TCIRG1 KRT72 CDX1 TP53TG3E CD3E CD300LB PRSS22 CST7 SIRPG IFI30 SLAMF8 CEACAM3 RNASE3 HK3 HBA1 CAPG GRN CD1B DEFA3 SLC28A3 SMR3B DOK2 LGALS9 OR6C65 DUSP13 ACP5 KLRF1 CTSD OR5F1 TREML1 SLAMF9 MC3R SPDYE13 CD300H DEFA1 ARHGDIB OR6C68 FABP4 NKG7 IL1RN S1PR4 CD68 OR51V1 LAPTM5 LCN2 OR4L1 LGALS3 TNP2 CD1C APOBR CCRL2 OR6C2 FOLR3 CSN3 NCF1 TNFRSF10C CAMP SPATA4 KLK15 CTSS PCSK5 EPB42 SLAMF7 S100A12 S100A9 ATP6V0D2 MAGEA1 HBM GPNMB CXCL16 MMP12 LYZ ADGRE3 LTB SLN FOXR2 CXCR1 CYLC1 DPEP2 CLDN5 ICAM3 CSTA WDR74 CD79B ACY3 DCANP1 C5AR1 S100P CCN4 PLBD1 CLC FBP1 P2RY13 AKAIN1 CD52 GOLGA6L25P CSN2 PLEK FAM90A7 OR6N2 TMEM215 CLEC9A PF4 LIPA TYROBP MMP9 LILRA2 FAM90A13P CMTM2 FCER2 GZMB GAL GNLY CYP4F22
15.424016,11.389432,Cluster 0,DORSAL HORN HUMAN,POU4F3 POLR2J ZNHIT1 DYNLT2B CDC42EP5 SCYGR5 CNPY2 HOXA6 HINT1 HYPK SMIM28 HOXB9 EBF3 FAM209A FANCD2OS NDUFA12 ZPLD1 EIF1B DEFB115 UBE2U TCEAL9 AKAP14 DNLZ PDCL2 OR2A25 IL31 NPPC AARD SWI5 ELOC KLRF2 NAT2 SOST VIPR2 CLDND2 HOXC8 LGALS7 ODAM PRDM13 CA14 MSX1 MORN5 CIRBP NR2E3 TRIM60 HOXA5 SULT2B1 ETV2 GSTA3 ATP5MG IL17F EGFL8 NKAIN4 CCDC12 IGFL1 UBD RBAK-RBAKDN CAMLG HOXB8 NDUFC2-KCTD14 SMCO1 TCF15 LOC128092246 NLRP1 PTN SCGB2A1 HOXB7 LSM7 C1QTNF5 ACYP1 NMS SPINT3 SYCE1L LOC730098 ALKBH7 FXYD3 AAMDC KHDC3L RPS29 SHISAL2B RPP21 POLR2I PLA2G1B RBMS3 DEFA5 DCTN3 AK1 TMSB15B CLEC11A LOC102723532 CYB5A RPS27L LRRC26 PTRH1 GDF3 CIST1 FXYD6-FXYD2 LOC122394732 NEDD8 NDUFA11 LY6G6F-LY6G6D ITGAE TKTL1 PTF1A RABAC1 ATP5IF1 ZNHIT3 GTF2A2 LRRC52 NTMT2 SERPINA11 CRYGC PIN4 HES4 LIN7B TNNI3 NKX3-2 SPRR2F STARD6 HOXC6 WNT4 INSL5 OR2K2 CHCHD5 HES1 SERTAD1 SEMG2 PAFAH1B3 OSTCP2 HOXB6 TMSB15C OCIAD2 CCL18 FMC1 UGT2B7 EBF1 DTD1 NPPA XAGE3 TNMD MAP1LC3A CCL23 SYCE3 BCL7C MRPL52 CIAO2B ATP6V1G3 CCL27 DPRX NANOS2 DUSP15 RAC3 MIA ZNF428 ARL14EPL LOC122319696 KRTAP13-4 NPFF HOXC9 CRYGA PPY PAPPA2 TPRKB MS4A6E APOH TSHB NUDT1 GBA3 COA8 REG3G ELSPBP1 CTAG1B HSD17B1 ATOX1 SSMEM1 INSC ASGR1 KRTAP19-1 TFDP3 RBP1 PDCD5 POU4F1 ETFB HOXB5 CIB2 HMX2 NDUFAF2 KRTAP3-1 MUC7 LBX1 TRAPPC5 IMMP1L NDUFB2 MRPL43 FAM209B LOC102723655 PHPT1 MORN2 TOMM5 ATP5MC1 KRT10 YBEY A1BG CCDC167 IQCF5 HOXC5 FOXF2 PAM16 SMIM42 GRXCR1 UPK2 ADAM30 CCL25 GBX1 CCDC107 BRI3 BOLA3 PSMD9 CCDC28B SERF1B PPDPF SMIM23 SSBP1 TEX43 IFI27L1 LY6G6D CHCHD6 ARMH2 LOC100996696 RLN2 ALKAL1 ANAPC15 HRAS DKKL1 RFPL4B LOC107984365
9.684033,9.178487,Cluster 0,FRONTAL LOBE HUMAN,IL1A MCEMP1 OR4X1 LOC107986768 GPR84 IGLL5 H2AC16 H2BC3 MOS MICOS10-NBL1 SIRPG LILRB2 S100A12 S100A9 OR4F6 SLC6A3 RNASE3 HAMP RETN TAP1 KIAA0825 LOC102723407 KRTAP4-12 CD74 OR5AC2 ATXN3L LYZ CD5L IL27 LRRC69 TBC1D3G KRTAP16-1 USP17L11 TRIM6-TRIM34 SCYGR10 JSRP1 CSTA NKG7 CD79B NCR3 USP17L20 CLCA1 TEX54 OOSP4A FAM90A8 LILRA3 S100A8 TCL1A ZNF816-ZNF321P USP17L10 GOLGA6L25P TBC1D3 CCL8 CD79A LCMT2 CARD16 OR4C16 TNF LOC128092252 MS4A1 FAM90A13P OR4D11 ATOH1 KLK15 AREG CD14 FCER2 OR4C12 IL1B CXCL9 BATF
7.9953246,12.169824,Cluster 0,CEREBELLUM HUMAN,UGT2B28 POTEB2 MYL12BP2 PAGE2 IL16 REG1A CLDN9 RBMY1A1 HOXB13 MBD3L2B CDY1 TSPAN9 OR8U1 GPRC5C ANXA8L1 CNPY1 MAGEB2 SMCP CT47A6 CT47A5 KRTAP4-12 KRT2 SPRR1A CA9 FMR1NB BARHL2 KRTAP19-8 MYZAP SERPINB7 KRTAP10-6 CDH15 HNRNPCL4 MAGEA3 LCE1C NRK MMP24 MMP13 PGC KRTAP9-9 TIMP4 SPRR2D KRTAP2-2 H2BC1 KRTAP10-4 SLC22A31 MYL1 CPA1 DAZ3 PLA2G4B GAGE12C AMTN TP63 PRSS1 LCE3D HNRNPCL2 GRM4 CDY2B ESPNL S100A2 COX7B2 LOC124900574 LOC124905482 MTCL1 MAGEC1 GGTLC3 CLEC4G MAGEA9B PRAMEF8 SYTL1 LIPF CSAG3 ZNF679 LCE2C FAM90A14 NACA2 RBMY1B CT47A10 KRT6A CASP12 KRTAP9-1 CT47A9 EN2 CSH2 CGB5 DEFB105B NPS KRTAP1-5 CBLN3 PRL URAD GAGE12B KRT13 KRT31 ATP4A CA4 MAGEA2 CCNJL BSPH1 PDIA2 INPP5J GAGE12G CXCL13 FGF3 CT47A3 REG1B GAGE12E TSPY3 KRT6C NXPH3 NKX6-3 LCE3B GAGE2A SPANXA2 PRM1 ERVFC1 KRT6B PRAMEF4 SERPINB2 GH1 SPANXB1 ZNF705B LCN8 PNLIP LCE1D FAM90A22 KCTD14 CT47A2 TLE2 CGB1 CLPS MAGEA6 CT47A12 PRSS22 ATP2A3 ZIC4 MAB21L1 FDCSP CT47A1 KRTAP2-1 OR4F29 TNFRSF25 PRM2 LINGO4 SPRR2A KRT75 PRSS2 HNRNPCL1 COL27A1 MAGEC2 CELA3A CXCL6 PRR35 GAGE13 KRT34 PAGE5 TRIM64C SPANXN2 NOXO1 KRTAP5-5 DAZ1 OR2G2 ADGRF4 KRTAP4-7 MAGEA11 SYNGR4 SPRR3 FAM25A GNG13 KRT4 CLCNKA SPRR1B TSPY10 OR5H15 DEFB1 DKK4 EOMES SMIM40 SPATA31A3 GABRA6 SPANXC OR11H12 SLC26A5 CRNN GAGE12H SSX4 TMEM61 MDGA1 CT47A4 CTAG1B TSPY4 CDC42BPG VCY1B TRIM7 ABTB1 COL13A1 SAA2-SAA4 USP17L19 MAGEB1 CRTAM ZNF735 GRB7 ZG16B RBMY1F MUC7 GAGE12D SLC35G4 REG3A BARHL1 KRTAP10-5 CALML5 FOXR2 DAZ4 LMAN1L PRAMEF2 NPIPA5 MAGEA2B KRTAP21-1 LCE3A CT47A11 PCP2 CABP2 SPRR2E BPIFB4 RAB37 TGIF2LY PASD1 OPN1LW KCNJ12 H2AC1 KRTAP5-6 TMEM252 FAT2 AGTR2 OR5M8 CT47A8 ESX1 CGB8 OR4F16 LCE3C ZP2 SYCN CBLN1 S100A7 SSX4B TRIM49D2 IRF6 KRTAP13-1 PADI3
8.688691,9.754419,Cluster 0,SUBTHALAMIC NUCLEUS HUMAN,POTEB2 AGAP5 HSPA1B FAM90A18 CDY1 NPIPA2 USP17L1 ZNF816 USP17L24 OTC OR1S2 CTAGE6 KRTAP10-1 NBPF26 GOLGA8Q TBC1D3F RHOXF2B USP17L27 KRTAP5-2 CORO7-PAM16 OR51A2 OR4N4 KRT83 TXNDC2 GTF2H2C_2 USP17L11 ZNF28 SLCO1B1 NOMO3 OR4F3 NPIPA1 NOMO2 IFNA14 ZNF595 LOC124905564 NBPF11 SPDYE2B TP53TG3C RBMY1E NOMO1 ZNF700 CTAGE15 LGALS16 USP17L18 GAGE10 NPIPA9 LOC128092252 ZNF708 OR4N4C NPIPB12 LOC128092249 SNURF LOC124900573 ZNF511-PRAP1 IFNA6 FAM90A10 ZNF676 ZNF43 NBPF14 AGAP9 LGALS13 ABCB1 ZNF761 IFNA21 DEFA1B VCX3B MICOS10-NBL1 ZNF208 CDSN SPDYE6 DEFB128 USP17L30 TSPY2 TRIM39-RPP21 MT1F IFNA1 PPIAP40 GAGE12J TUBAL3 HRNR TSPY1 NBPF10 RGPD1 CLDN24 ZNF845 ZNF705G RBMY1D USP17L20 FOXD4L4 OR1E2 IFNA13 NPIPB8 ZNF816-ZNF321P USP17L21 CTAGE8 AMY2B CT45A1 PRPS1L1 SPACA5B CYP3A7-CYP3A51P OR2T4 ZNF860 MBD3L4 USP17L29 GCOM1 TAS2R43 ZNF257 GOLGA6A FAM90A19 OR2L8 GAGE2E USP17L12 SPDYE14 AHNAK2 CT45A10 DMBT1 NBPF19 IFNA8 IFNA16 BBS9 OR4F21 OSTCP2 RGPD4 BIVM-ERCC5 CCDC169-SOHLH2 HSD11B1 NPIPB3 OR1D4 ZNF443 WASHC2C ZNF680 OR2T5 PITX2 LOC112268384 UGT1A9 OR13C2 NEFM LOC112268355 ZNF729 CTAGE4 ZNF525 GAGE13 RGPD8 RFPL1 CA2 WASHC2A LOC100288966 LOC100996750 C4A DEFB4B NBPF20 ZNF808 ZNF878 CT45A8 RANBP2 USP17L10 SPATA31D3 OPN1MW3 ZNF98 IFNA7 MYOT FAM90A20P PPIAL4D TSPY10 FLG TGIF2-RAB5IF SPANXA1 SPATA31A5 IFNA10 UBC SPATA31A3 SPANXC TSPY4 CTAGE9 SULT1A4 SERINC4 TBC1D3K CCDC73 IFNA2 NEFH HADHB RGPD3 AGAP4 AMY1C USP17L28 OR4M2B FAM90A15P USP17L19 MOCS1 ZNF430 ZNF735 HPR TAS2R46 SMN1 USP17L4 LOC128966732 USP17L26 USP17L25 HSPE1-MOB4 TSSK2 NBPF12 OR1E1 OR2M7 CASQ2 NPIPA8 GSTA5 TRIM6-TRIM34 CHRNA2 NPIPA5 PRSS54 C4B PCDHB8 ZNF253 NPIPA3 GK2 NPIPB11 OR13C3 SPATA31A1 HCRTR2 ZNF254 ZNF728 OR2M5 CT45A3 PTPN20 FAM90A7 ZNF92 FAM90A3P USP17L17 HSD17B3 FAM25C CT45A9 PHKA1 CDH23 ZNF99 TAS2R45 EFNA4-EFNA3 TMEM135 FAM90A23 GET1-SH3BGR FAM90A13P IFNA4 TARP IFNA5 LOC124905359 FAM90A9 COMMD3-BMI1 SPATA31D4 RGPD6 PPIAL4C
11.351098,12.010667,Cluster 0,SUBICULUM HUMAN,H3Y2 TAF11L4 GRB14 NAP1L2 KL GJD2 CLPSL2 PPIAL4E PPM1E DIRAS2 ADGRG7 RUFY4 SERPINB13 DIO2 RFX6 CTXND1 KHDRBS2-OT1 LOC128071544 ABCA12 MAS1 LOC128092249 SPHKAP ABCD2 LOC128706665 TRPA1 FABP3 FILIP1 SPP2 GDA ADAM2 ODF1 LOC128031836 NAPB KCNN2 SLC15A5 PCDH11Y PIWIL1 B3GALT2 FBP2 PPIAP59 TMEM200A SLC24A3 RAB27B IL1RL2 TTR HCN1 EPHA5 CDRT15L2 TAF11L2 OR13C5 COL24A1 PLCXD2 BTBD3 PTGER3 PDE1A GUCA1C HNRNPCL1 DSG1 EHF RAPGEF4 OR10G6 CDK14 PGM2L1 CSN1S1 CABP7 GOLGA6L26 EFR3A ANKRD30BP3 UHMK1 LOC128092247 SEMA3D TAF11L9 DOK6 LOC127903862 CLPSL1 SEMA3E GPD2 RAB3B MORC1 VWC2L APLF GABRQ CREG2 CNTN5 NEDD8-MDP1 MLDHR FNDC1 MT1B AKAIN1 FBXW7 PAGE4 CSN2 TMA7B ZC3H11B NEUROD6 ASDURF
11.157984,10.828501,Cluster 0,HIPPOCAMPUS HUMAN,LOC128966730 CLPSL1 MFRP OR12D2 NEUROG3 GZMH CLIC6 GHSR SPANXN4 C1QTNF9B SPATA31E1 KIR2DS3 CD69 ADRA1D NKG7 KIR3DS1 LCN1 SPATA31C2 FNDC1 TEX54 FIBCD1 ZPR1 CABP7 SHISA6 CTXND1 P2RX2 SPATA31C1 GZMA TTR GZMB CDRT15L2
9.161632,12.642494,Cluster 0,CEREBELLAR CORTEX HUMAN,IL16 OR4K14 RNF148 EEF1AKMT4-ECE2 BARHL2 TMPRSS11E STATH CDH15 NRK SLC22A31 RBMY1E PSKH2 MMP27 OR5H2 GRM4 DEFB103A OR4C16 MTCL1 OR10D3 RBMY1B IZUMO3 CASP12 EN2 CLDN8 DEFB105B TMIGD1 CBLN3 OR5K3 RNF133 CCDC175 TAAR1 OR2T34 FGF5 FGF3 UGT1A8 MZB1 MGAT4D AMY1A P3R3URF OR8J1 NOX3 LCN8 CDY2A OR6C76 CST8 OR5F1 PRR35 OR51C1P MAGEB4 OR6C68 DEFB114 VCY CSN3 DKK4 GABRA6 OR11H12 TSPY4 SLC26A5 SLCO1B3-SLCO1B7 OR4N5 CDC42BPG AMY1C DEFB110 CRTAM CDY1B OR4K1 AMY1B F13B SLC35G3 OR4C11 LMAN1L IL22RA2 OR6P1 FAT2 OR5W2 PMIS2 OR5M3 ZP2 CBLN1 OR4Q2 OR4F5 OR4D10
14.482135,11.705592,Cluster 0,SPINAL CORD HUMAN,H3Y2 HOXC4 KRT23 HSPB6 IGFBP1 UTS2 NKX2-8 HAL RBMY1A1 LRRC15 PRAMEF27 CDY1 MBD3L2B HOXB4 DEFA4 MUC2 SLC51B HOXB9 LY6G6F KRT14 SPRR1A GJB2 HOXA11 OR5AK2 HOXD4 EMILIN1 HBG2 MEDAG EBF2 HOXD9 CLDN19 IL18RAP MMP14 VNN2 SLC6A5 SBSPON MYL1 DEPP1 PPBP TMEM174 CCR2 HOXC8 S100A8 STON1-GTF2A1L MNX1 CSF2RB CXCR2 CDY2B XIRP2 HOXA5 JAML SSU72P2 TAF11L12 LOC128031835 MMP1 LIPN PRAMEF8 MMP3 HOXD10 HCAR3 CDX2 MPZ GRHL3 MRGPRE PAX2 AQP1 TRIM49B PRAMEF22 RBMY1B HOXB8 PRAMEF13 COL14A1 SMIM41 DEFA1B NFE2 PPDPFL HOXA7 SFTA2 DRGX LOC128031832 RASL12 FCGR3B CPAMD8 KRT74 GYG2 URAD TSPAN8 PIRT PROK2 NCF2 SLC39A2 MMP10 BPI C1QTNF8 STON1 CSNK1A1L OR5J2 SERPINA3 NLRP7 SSU72P4 TMEM71 GDF3 DBX1 CD177 MAGEA4 PRAMEF15 KDM4E HOXD3 MBD3L2 DAO PRAMEF6 VSX2 H3Y1 PRAMEF4 CPXM2 PRAMEF25 TAF11L13 FGF4 MBD3L5 AQP9 TMEM176A CDX1 CALCA EPYC HBE1 HOXC6 CHI3L2 HOXD8 OR5M9 ADH1B SHISA3 PRG4 BMX CRISP3 CST1 HCAR2 HOXB6 ANPEP CCL18 HK3 PRPH MYLPF CNTF DEFA3 IL17B MGAM LINGO4 PRAMEF5 PHOX2B FLNC HOXD11 FMOD CD44 TRIM43 PADI4 HOXA2 CXCL6 OR6B3 CD300H FABP4 TRIM49 CR1 S1PR4 HOXA3 TLR8 LCN2 SSU72P7 CLEC12A HBZ PRX GTF2A1L HOXB1 ITGBL1 ARG1 FOLR3 SSU72P5 PRAMEF7 CAMP HOXC9 TNFRSF10C OR8H3 NKX1-1 APLN PRAMEF12 HOXA10 CASP5 SSU72P3 PRR33 IGF2 ST6GALNAC2 ADGRG3 ACTA1 TMEM132E MCEMP1 MGAM2 LTBP2 LEUTX FPR2 HOXB5 S100A12 S100A9 MAGEA1 TREM1 FOXC2 LBX1 CLEC4D HOXA9 CST2 ADGRE3 CXCR1 DPT ALPG KDM4F PRAMEF2 HOXC5 SELL MMP8 P2RX3 ICAM3 SLC18A3 HOXA4 GK2 PTH CLCA1 SFRP5 S100P HOXC10 TRIM43B CLC TAF11L11 S100B MYO1A PRAMEF14 OR11H2 IL1R2 SSU72P8 TAF11L14 HOXB3 MSMP ADH1C XAGE1A TRIM64B LOXL4 S100A3 TRIM49D2 TRIM49C RFPL4B RBM46 APLNR
10.936682,12.753117,Cluster 0,ORBITOFRONTAL HUMAN,RGS4 NEDD8-MDP1 MKX FREM3 NPBWR1 EEF1AKMT4-ECE2 KLK5 LOC128092247 SMIM43 LOC128031836 LOC128092251 GOLGA8S CASQ1 ZNF511-PRAP1 OSTN SOWAHB MCHR2
10.623688,9.7975235,Cluster 0,MOTOR CORTEX HUMAN,DHRS7C INHBA IL2RG CXCR5 KIR3DL2 KIR2DL3 LENG9 GREM1 KIR2DL1 TBX21 PPP1R2C EFNA5 FN1 KIR2DS4 UCP1 KIAA0825 KRTAP4-12 GZMH CLPSL2 GZMK TREX2 PTGER2 CD3D HTR1F SLCO1B1 MRGPRF BGN RAD51AP2 MYOCD MBD3L1 CD69 OR51E2 FAM237B TCTE1 NCR3 SHOX LCN1 CD2 ACTA2 OR52A5 KLRC1 SH2D1A COL4A1 LOC100653049 DSG3 DDTL CNTD1 TDO2 CCDC179 COL8A1 HCST TRIM77 OVOL2 TP53TG3B TPM2 GZMA GZMM KCNJ2 SIT1 GPR22 FAM166A CIDEA THEMIS CCK NDUFC2-KCTD14 TERB2 LOXL2 XKR3 OR52E1 LAIR2 SFT2D3 HAMP THBS1 COL3A1 KRTAP1-5 MKX TMEM160 GGTLC2 LRRC69 HSFY1 IL2 MYL9 IFNE CD48 LOC102723713 LIPI TOMM20L SDR16C5 FGF5 LYNX1-SLURP2 IFNG KLRB1 FSCN3 BHLHA9 CTXN2 TNFRSF11B REP15 OR51E1 ICOS CLDN22 LCMT2 POTEG HSPB7 SLAMF1 PTPRCAP SLC5A2 FATE1 TBC1D3I CLIC3 NKAPL SYTL3 ATAD3C LRTOMT UBL4B TP53TG3E CD3E SPINK9 KRTAP2-3 CHRNE CST7 IL22 VPREB3 RAG2 ELN TSLP RAB1C RNASE3 C8ORF90 KIR2DL4 ANKRD62 CD8A KIR2DS2 GPR25 MAFF CD248 TFB1M NME7 PGLYRP2 FAM217B GYS2 KRTAP16-1 KLRF1 DEGS2 BICDL2 SPDYE13 DEFB131B FGFBP2 KIR2DS3 NKG7 PDGFRL CD7 ARMS2 SLC26A4 TEX54 OR51V1 CCDC152 KIR3DL1 CSN1S1 GALNT8 LRRC72 KNG1 ANKRD30BP3 KRTAP12-3 ASIC5 SH2D1B WFDC10A ITGBL1 ARSJ CA6 KIR2DL2 CTSW TGFBR3L ITGA11 CHCHD10 KCNJ3 XCL2 PGAM4 KIR2DS1 TREH CALD1 TMEM265 CLPSL1 ZNF593OS S100A12 RPRML PRSS3 GDPGP1 SERPINE1 LAMP3 ANKRD2 CCNI2 CD74 IL7R LTB COL1A2 XCL1 KCNK15 LOC102723655 SERPINA9 CCL5 IDO1 SCYGR10 CAPN12 APOC2 GSTT2 TEX29 NGF CD8B COX7A1 STC2 ACAN PRF1 ACTG2 PYDC2 LOC124903185 NTN4 SLA2 IL9 COL1A1 CD52 ANKRD30A PKLR FOXS1 RS1 NOX1 TCL1B EPHX4 SULT6B1 TEX43 KCNMB3 ZNF683 SPINK2 CNN1 LY6D MEGF6 ASB17 GZMB AREG CFC1B KRT7 IL32 S100A7 COL4A2 GNLY PRRG3 HIGD1C DUSP2 FOXH1 CCL11
14.483918,10.839045,Cluster 0,MEDULLA OBLONGATA HUMAN,SLCO1B3 TRIM63 ZC3H12A BDKRB2 CYP4B1 NR4A3 LOC128092248 KLF4 SLC52A3 CYP1B1 CALHM5 APOLD1 DUSP1 PEAR1 MGP ARAP3 CD93 CCR5 AEBP1 EMILIN1 APOOL MEDAG VWF CRISPLD2 TINAGL1 SMOC2 PLA2G2A CFB ITGB4 CD1E ERG DCN PDCD1 CD109 PPBP IRAK3 CMKLR1 DNASE2B KIAA0040 ACKR3 HLA-DRB4 TNFSF18 TM4SF18 EMP1 C7 ELK3 FGD5 ERAP2 CXCL2 LOC128031835 NOS3 DDR2 ADGRL4 EGR2 ATOH8 ARHGEF15 VIT ITGA1 PGR KANK3 COL14A1 ST6GALNAC1 TGM2 ESAM DEFA1B FCGR2B ITGA5 CES1 MARCO AOC3 FRZB CP LRRC32 CXCL1 SELE ADGRG6 MYCT1 TNFSF12-TNFSF13 CAVIN2 MMP19 PMEL AVPR1A FCGBP STON1 KLK13 CPA3 TUBAL3 SELP CAV2 BCL3 CXCL3 PGM5 STARD8 SOCS3 HYAL2 FLVCR2 ADGRA2 FPR3 CLEC1A PECAM1 ADPRH A2M KLF2 BCL6B TRIB1 EMCN TPO ICOS CD34 C2CD4B THBD SLC39A8 FGF4 ITPKC NR4A1 ICAM1 HSPA12B LCN6 FBXO32 FOSB TPSAB1 ANGPTL5 FMO2 PRELP SOX17 CSRNP1 CLEC5A ADH1B SCARA5 S1PR3 ACSL5 SERPING1 SLAMF8 FBLN2 NFKBIZ CDH5 FOSL2 NAGS SPIC SCARA3 TYR PKHD1L1 MMRN2 ACVRL1 ADGRF5 AKR1B10 SERPINA5 DUSP5 FMOD SOX18 F13A1 ACKR1 OSMR SOX7 ECM2 IL1R1 FAM3D GIMAP1-GIMAP5 TNFAIP3 PLA1A C1QTNF1 CCKAR CLIC4 C1R CLEC10A ALOX15B HLA-DPB1 CARD6 HEG1 ITIH2 CD1C CPZ SFRP4 LCN10 ETS1 PRX C6 FAM110D PODXL ARRDC4 KCNK17 CCDC69 TMEM204 MPZL2 SLCO1B3-SLCO1B7 CALCRL CD163 FZD4 SLC47A2 LEPR ST6GALNAC2 TMEM132E LTBP2 CLIC2 NLRP6 HBEGF INS-IGF2 AHR TREM1 FHL5 OGN GPNMB ITGA10 MALL LYZ ABCC3 TACSTD2 PLAT TNXB LTF TIE1 GGT5 KANK2 C1S IL6 CCL14 DPT CLDN5 PLEKHO2 PGF SLFN11 ECSCR FNDC1 TGFBR2 NID1 PLEKHA4 WWTR1 CCN4 COL8A2 ANXA3 TMEM252 INMT TIMP3 AFAP1L1 SLC40A1 HLA-DOA ROBO4 ADAMTS1 HELZ2 BIRC3 FKBP5 LAMC3 PROK1 GBP3 HTRA3 CLEC6A APOL1 LOC127898563 CSF3 SRPX2
6.512424,-0.2603022,Cluster 1,PRIMARY MOTOR CORTEX MOUSE,USP26 4930517L18RIK 9430069I07RIK RAD51AP2 DNAAF6 4930533D04RIK SCGB1A1 S100A2 BOLL CXCL2 CLEC4G CSF2 GZMA SFTPA1 4930594A02RIK SBP SFTPB DUSP23 SFTA2 TBPL2 EREG MYF5 FAM83A CFAP97D1 CXCL1 4930517N10RIK CXCL17 MS4A2 KLRC2 DNASE1L3 HDGFL1 CXCL3 CLDN22 BPIFA1 IQCJ PPP4R3C1 FBXO43 SCGB3A2 VSX1 4930578M07RIK IFNA16 4930453C13RIK KLRC3 KLF10 TK1 4933411O13RIK FCER1A ZGLP1 RHAG NKG7 2310067P03RIK 1700010K24RIK CLDN18 MC1R CHRND RNF222 CLEC1B LOC671917 HOXB1 TBX22 SFTPD 2810403G07RIK 2410137M14RIK 1700084C06RIK SCGB3A1 RBM6 WNT8A P2RY4 OAZ3 ELANE TREM1 SDR9C7 LAMP3 ZDHHC19 XCL1 KLRD1 C5AR2 AY074887 IL6 TMPRSS11B NCR1 TNFRSF14 CTSG 4933411E02RIK TMSB15A SLX1B OIT3 SFTPC SAA1 DMGDH GPIHBP1 CCL20 CSF3 4930435M08RIK TMPRSS13
10.564571,-6.4621673,Cluster 1,VENTROMEDIAL HYPOTHALAMUS MOUSE,KIR3DL2 1700054K02RIK QRFP LBHD2 1700042O05RIK FAM122C 1700012C08RIK 1700018F24RIK ZP1 PRDM13 NR0B1 LCE3D 4930480E11RIK CFC1 LOC100862192 POMC GHRH HMX3 NPVF UPK3A AVP TM4SF5 MMP10 ERICH6B MYL10 4930535G08RIK GAST PRLH NKX2-4 PJVK PARPBP LCN15 VMN1R187 CCNB3 LOC100862115 BSX GCK 1700041M05RIK 4930435C17RIK CITED1 2300002M23RIK BARX1 KISS1 AGRP SLC2A7 TBX19 KNCN MC3R KIR3DL1 VGLL2 1810009J06RIK CRYGB PMCH SHISAL2A ODF3L2 FNDC11 HMX2 1700011D18RIK NME8 4930591A17RIK 4933408A14RIK GALP OXT BPIFB1 1700093P08RIK UPK2 NR5A1 MAB21L4 FEZF1 AADACL3 SMIM23 HCRT PTX4 KRTAP5-3
11.263067,0.121070504,Cluster 1,CENTRAL AMYGDALA MOUSE,TIGD4 KIR3DL2 CLDN9 POLA2 KCNE2 FAM166C METTL11B TMEM275 TUG1 RNF151 FAM47E 2410152P15RIK IL21 TMPRSS15 NGB OVOL3 RSPH1 FSHB SPATA25 IL23A MSX1 PDYN PIFO AU017674 KIF24 MORN3 UCN3 NIPAL1 DLX4 LHX8 PEBP4 APOC3 4930594A02RIK PDE6A SASS6 AMELX KCNJ13 NUP62CL CAPSL PLEK2 SSTR5 PRL BC051665 GAST PRODH2 KLKB1 FAM90A1B PECAM1 NDUFA1 ALDH3B2 GH TMPRSS7 2810461L16RIK TAC2 2610028H24RIK SOWAHD CPN2 RAG2 1700041M05RIK STEAP1 TYR MTNR1A PITX1 LRRC17 LNP1 GPBAR1 KNCN PRR32 CGA 4930477G07RIK SYCE3 GPR39 LYG2 KCNK7 SULT1C1 NPBWR1 FKBP1A HELT MAJIN DMRT3 CRYGA TSHB SOSTDC1 MYH7 NTS SMIM22 SPACA9 4930458B22RIK ODF3L2 SPINK8 IHO1 CALML4 VEPH1 ATP6V1C2 GTSF1L TPSG1 FOLR1 VRTN SOAT2 GPR150 DHRS9 VPREB1 CHRNA10 LCE3A 1700122D07RIK GM16527 DRC7 GBX1 UPK1B WDR86 U90926 4930558K02RIK KRTAP26-1 ANKRD65
9.079692,-4.697266,Cluster 1,NUCLEUS ACCUMBENS MOUSE,1700042O05RIK LOC108168683 GM16367 5530400C23RIK 4930518I17RIK LCE3E KRTAP4-27 4930404O17RIK IFNA6 SCGB2B2 LOC100862202 IFNA1 ESP1 1700040F15RIK KRTAP29-1 IGFL3 1700054K02RIK IFNA7 1700106O07RIK LOC100503733 KRTAP19-4 1700040E09RIK PRP2
11.320959,-6.6708465,Cluster 1,ARCUATE NUCLEUS MOUSE,ZFP92 LHFPL1 PCDHA4B TRY4 KIR3DL2 CLDN9 QRFP CALCR 1700012C08RIK H2-Q2 SCN7A PKD1L1 TSHR AKAP14 FSHB PRDM13 NR0B1 GRPR FOXB2 POMC GHRH TBX3 DYNLRB2 NPFFR2 FZD5 2310081O03RIK TEX16 HMX3 NPVF ESYT3 HESX1 MYF5 NMS PLAGL1 PROKR1 LRAT CNGB1 AMBN BRS3 PROK2 GABRE SHISAL2B GNRHR AVP GLP1R RERGL FAM166B CPA4 RSPO4 GAST IRS4 PRLH FAM90A1B CFAP107 RAX NKX2-4 PJVK BPIFA1 NXF3 SEMG1 CFAP73 SYTL4 CORIN CELA3B 5330413D20RIK PYY BSX ADH7 GCK PABPC1L2A CITED1 CFAP95 KRTAP17-1 NEK5 PITX1 MTNR1A RIBC2 SOX14 PRLHR AGRP KISS1 KRTAP16-1 TBX19 IAPP CGA NPY TNFRSF8 MC3R CIB4 MAGEL2 SIX6 KCNJ5 LYG2 CCKAR KIR3DL1 KLF14 MIA SPINK5 COL23A1 ASB4 VGLL2 ERN2 SFTPD NKX2-1 PPY VGLL1 TFF2 SHISAL2A ADGB GPR50 PRDM12 FNDC11 BPIFB1 FOXD2 CDC20B HMX2 OTP NME8 HSD11B2 EDAR RADX USP51 GHSR GALP OXT APELA FOXR2 GABRQ SIM1 MYMK UPK2 NMUR2 NR5A1 2210414F02RIK MAB21L4 FEZF1 NR5A2 GSX1 PTX4 6030498E09RIK DAW1
11.3404,-6.062985,Cluster 1,LATERAL HYPOTHALAMUS MOUSE,SLC46A2 FGF23 GSC CDX4 1700123K08RIK TMEM91 TMC2 TSSK3 ONECUT3 4930517L18RIK FREM3 RNPC3 4930532G15RIK KREMEN2 CRYBB2 CACNG6 PRSS1 FOXB2 LYG1 4930519G04RIK SAMD3 ODF4 UCN3 GHRH UGT3A1 PDCD7 SPOCD1 4930408K08RIK CRYGD PDZRN4 1700121L03RIK RAB42 HMX3 ONECUT1 NPVF TRH 1110035H17RIK IFI44L 6530437J22RIK 1700024P12RIK BRS3 AVP NMRK2 TMEM211 GAST HMCN2 ZC3H11D CCDC105 NKX6-3 NKX2-4 COL6A6 PARPBP ULBP3 4930509H03RIK P3R3URF SYTL4 IQCJ NKAPL 4930558N01RIK CRYGC FCRLB TRPC5OS 4930578M07RIK INSL5 GCK PRR19 2310026L22RIK A930006A01RIK 4930580E04RIK KRTAP17-1 IL11 ZGLP1 FXYD4 SIM2 KRTAP16-1 CAPS2 9330118I20RIK CCKAR WDR88 CRYAA KIR3DL1 NANOS2 2010109A12RIK OTOL1 PRSS27 PMFBP1 VGLL2 4930519A11RIK PLD6 ERN2 LVRN CRYGB PMCH SHISAL2A WNT8A EIF4E1B CRIP3 4921523L03RIK OLFR1 IHO1 HMX2 SGCZ VAX1 OTP ROS1 TMC4 SYVN1 OXT SIM1 CCER2 ZMAT1 SBK3 5430427G11RIK ERFL D030016M11RIK NR5A1 CEP70 FEZF1 GCSAM GLIPR1L2 SLC6A16 HCRT 1700013M08RIK USH1C 2810036E18RIK 2810403G07RIK
10.596192,-1.273795,Cluster 1,BASOLATERAL AMYGDALA MOUSE,SPINK8 NPSR1 BMP3 KIR3DL2 ERP27 1700041M05RIK CYP26A1 LYPD1 TIMM22 TMEM275 LRRC17 LNP1 CCDC42 CNIH3 AKAP5 KCNG1 IQCF5 CHRNA10 PTER GPR39 CYP26B1 ANKRD7 GKN1 OTOP2 SLC26A4 ELP6 SPATA31E2 MSTN H2-M1 PLCZ1 ACP7 SLC9A4 ALLC BC048671 UCN3 THY1 C1QL3 EFCAB3 4930458B22RIK
6.018399,-0.42345127,Cluster 1,FRONTAL LOBE MOUSE,4930555G01RIK FOXE3 KRTAP13-21 CCER1 9430069I07RIK H2AL3 OTOP2 SAXO1 1700119I11RIK GDPD4 CEACAM5 4930594A02RIK 1700121L03RIK MS4A15 CFAP97D1 2900042K21RIK PLAC1 MAGEA9 KRTAP10-10 4930415C11RIK 4933405O20RIK IFNA16 4930503E14RIK 1700049E17RIK2 4930453C13RIK 2810432F15RIK MAGEC2 1700049E17RIK1 4930442G15RIK FRMD7 SPACA7B FIGLA 4930544I03RIK H2AP 1700085D07RIK HEPHL1 NAA11 4930433J02RIK 2410137M14RIK 1700105G05RIK MRGPRG FFAR1 CCL26 KERA CHRNA10 CHEK2 APOBEC4 B3GALT9 4921513I08RIK AFP ZCCHC13 4933411E02RIK FCRL5 TRIM50 4930471E15RIK ALKAL1
8.643499,-3.6579888,Cluster 1,PERIAQUEDUCTAL GRAY MOUSE,POU4F3 AY358078 KRTAP27-1 LOC108168683 POU4F2 H2-M1 LOC108168681 SLY MAGEB5 PRPS1L1 LOC102633783 4930511O05RIK IFNA7 TPH2 RLN3 1700007M16RIK SLC6A4 AADACL3
10.585067,-0.7700169,Cluster 1,GLOBUS PALLIDUS MOUSE,SLC4A5 TMEM275 CHST4 KCNG1 MMP27 NPSR1 CYP26A1 ADORA2A IL36G SSTR5 MAEL CYP26B1 XDH 4930527E20RIK LY6K STK31 LNP1 LEFTY2 PRR32 1700049E17RIK1 F5 ANKK1 KIR3DL1 GNAZ PAPPA2 SLC9A4 ALLC CWC22 4930458B22RIK SPINK8 ATP6V1C2 MFRP LYPD1 CLDN2 ADAD2 KERA CHRNA10 WFDC12 1700001F09RIK 4933411E02RIK SPMIP5 ACTBL2 ANKRD65
11.326037,1.1612091,Cluster 1,ANTERIOR THALAMIC NUCLEI MOUSE,KDELR3 PRR9 TRPV5 HOXB13 DYNAP MAGEB2 LOC100038995 TUG1 LGALS1 MAGEA8 ABHD12B KRT83 SNX31 SERPINB7 SYCE1 LY6G5C SHOX2 CLDN19 OVOL3 GSTA1 SPATA25 IL23A CCDC121 GBX2 PUDP WFDC9 KIF24 BNC1 NIPAL1 FAM229A TCEANC2 WFDC11 HOXC13 LOC100862202 SPEM3 KRTAP1-5 NEXN BC051665 KRT13 IFNE ANG2 ERICH6B PADI1 PLAC1 DNASE1L3 SEC14L4 MZB1 3830403N18RIK UGT1A8 ZC3H11D KLKB1 PECAM1 RGS21 PPCDC POTEG TMEM225 LOC100862245 LOC100862115 SCGB3A2 AQP12 TEX19.2 FGF21 4930503E14RIK KRT18 MAGEB18 1700049E17RIK2 STEAP1 GPHA2 LOC100039010 TNNT1 FAM83E UGT1A9 TEX47 CFAP221 GJB4 SLPI TRPM6 4930519L02RIK DEFB1 LOC665290 ANKMY1 DMRTC2 MAJIN IL1RL1 4930426D05RIK UPK3B IL1F10 TCF7L2 ECHDC2 KRT16 1700105G05RIK RPL39L JCHAIN 4930562D21RIK CWH43 LOC100041712 ENDOU LMOD2 PPM1N SPRR2G FAM170A LIPE MIXL1 COL4A3 H2AC1 4921501I09RIK U90926 MEIKIN SPINK2 FMO3 NTNG1 SPON2 AWAT1
11.833876,-5.845235,Cluster 1,SUPRACHIASMATIC NUCLEUS MOUSE,ZFP92 ARHGAP36 KIR3DL2 QRFP GSC CALCR ZPLD1 PATE4 VIPR2 TEKT1 INSM2 RASD1 STK33 TEKT2 CRYBB2 PRDM13 NR0B1 GRPR KRT81 FOXB2 TNFSF18 ARHGAP40 CRYGD 2310081O03RIK NUP62CL TEX16 HMX3 TRH NMS LRAT PROK2 BRS3 AVP GABRE AVPR1A MYL10 1700016H03RIK LY6L FOXN4 DNAH1 SERPINB11 GAST IRS4 SLC14A2 FGF8 NKX2-4 TPO SEMG1 CFAP73 SYTL4 C2CD4B CRYGC 2610028H24RIK LGSN SOX3 GCK FAM83F PRR29 SPTLC3 MTNR1A PITX1 HNF1B PRLHR PROKR2 KRT71 KRT75 KRTAP16-1 TBX19 LIM2 RFX2 CROCC2 MAGEL2 VIP SIX6 H2AB2 LYG2 NPBWR1 CCKAR CRYAA ANXA8 RRAD SIGLEC15 CRYGB SHISAL2A GPR50 CCDC81 PRDM12 SYT10 4933439N14RIK PLA2G4F VAX1 OTP CRYGS 4930524B15RIK GHSR OXT SIM1 TEX46 LEXM PPP1R17 FOSL1 SPATA46 ERFL COL6A5 RGS16 NR5A1 HRH4 FEZF1 KCNH8 PTX4 6030498E09RIK KRTAP13-1
9.620989,-3.3355467,Cluster 1,MEDIAL AMYGDALA MOUSE,UBE2D4 TEX12 FOXI1 UCN3 CCDC42 SLY TPPP2 UGT1A8 KRTAP19-2 LOC102633783 POU2AF1 GM33887 1700008N11RIK LOC118568473 4930511O05RIK TATDN1 LOC102636558 TEX46 1700122D07RIK 1700048P04RIK
20.959064,8.604658,Cluster 2,INSULAR CORTEX MOUSE,NTN5 DGAT2L6 RGSL1 A4GNT LIPM TRIM54 RAD51AP2 IGSF23 MEI1 FYB2 SAXO1 DNAAF6 DSC3 OVOL2 SYTL1 SPOCD1 NPC1L1 UPK1A CDSN IGFN1 GLP2R FERMT1 CCDC188 LAMC2 SLC23A3 IRGC1 CLEC18A 1700020A23RIK RNASE13 1700021J08RIK AA672651 EFCAB8 CDC25B ROBO3 TNFRSF25 SPAG6 SLC26A4 SMIM43 CLCNKA CHRD TECTB PSORS1C2 SLC9A4 EFCAB3 RXFP1 ASCL5 ITPRID1 RTP1 ACTL10 MUC19 CORT SATB2 COL6A5 GDPD3 COL5A1 THPO
13.225807,7.3743653,Cluster 2,OLFACTORY BULB MOUSE,ITGAX TREM2 FCER1G TBX21 SP8 STING1 TNFRSF13B FCGR3 FOXE3 UGT2A1 IL27 2310057J18RIK CCR6 SCIMP IQCN LTC4S PDCD1 GP9 S100A8 ODAM CEBPE EAR1 CCL8 CYP1A2 ALX3 GDPD4 SLC11A1 LAG3 HAVCR2 PLAC8 OMP AMELX MS4A15 HAND2 IFI44L 5430401F13RIK MUC16 AMBN CD48 PTH2 CD86 TREML4 SERPINB11 LTB4R1 GJE1 CD177 AIF1 PIP BPIFA1 CRYBA4 KRT79 OSM EAR2 CST7 BPIFB6 FOXD3 LILRA5 CALHM6 5430402E10RIK NKG7 VMO1 GFY FRMD7 SULT1C1 UGT2A2 BPIFB3 CD207 LY86 IL1B AGR3 CAMP FOLR2 SOHLH2 CABS1 LST1 ACSM4 CRYBB1 RGS1 4933430L12RIK ELANE SCGB1C1 SEC14L3 S100A9 TNFRSF17 LAT2 LTF IL17A KCNK15 GPX6 APOC2 ASZ1 MMP8 BPIFB4 OBP2B CD52 OBP2A S100A5 CTSG PRSS56 GZMB
16.477585,12.314982,Cluster 2,SPINAL CORD MOUSE,CYTL1 UTS2 HOXA6 TNFSF14 AADACL4 CD3G P2RY10 HOXB9 KRT14 LCE1B KRT83 CCL1 HOXD4 LCE1C HOXD9 SCIMP RAB44 CD2 KLRC1 PDCD1 PRG2 CXCR6 HOXC8 S100A8 CEBPE MNX1 EAR1 APCS BGLAP MUP1 MEFV HOXD10 MPZ CLEC4E KPRP SIT1 SERPINB12 AV320801 TNFRSF4 HOXB8 MPO IZUMO1R HOXC13 TFF1 HOXA7 CCN5 CD300C HOXB7 GPR141 F7 MS4A4A MARCO HAMP CCR8 FPR1 CLEC7A KRT78 1700012B07RIK 4930570N18RIK MMP10 CASP14 HRNR 4930438A08RIK SDR16C5 SULT2A3 SULT2A1 IFNG LTB4R1 CD177 UTF1 LAT FGR ICOS CD79A IL36A KRT6B GIMAP7 PMP2 HOXC11 LCE1D KLK7 KPLCE NKX3-2 HOXC6 CD300LB HOXD8 LCE1E DSC1 VPREB3 LILRA6 HOXB6 TNFSF11 VPREB2 PADI4 GAPT PKP1 NKG7 SPRR5 CXCR3 KRTDAP IGLL1 SPRR1B SPINK5 FLG ARG1 KRT24 HOXC9 CAMP KLK5 RPTN LCE6A THEM5 CD40LG HOXA10 CTLA4 MCEMP1 ELANE FPR2 TREM1 ATP6V0D2 S100A9 GPNMB HOXA9 CLEC4D TMEM233 XCL1 LTF MT4 IL17A ANKRD22 CXCR1 HOXA11 APOC2 MMP8 LCE1F IL36B CD96 PRG3 IL36RN SERPINA6 HOXC10 KRT5 PLBD1 CALML3 AA467197 CTSG FAM25C CLEC4N FOXD4 MMP9 HOXC12 LY6D FMO3 AWAT1
12.520317,7.3947406,Cluster 2,OLFACTORY BULB HUMAN,SIGLEC10 ITM2B TREM2 FCER1G CSF1R OLFML3 TMEM119 IRF8 IFNGR1 TLR3 STING1 BMP8B CSF2RA GPR183 MYOZ2 DNASE2 RAB32 HHEX VAMP8 FGF20 CD5L IL27 TRIM10 CR1L CD33 CCL1 MPEG1 ADAP2 LPAR6 TLR10 IGF1 RPL10L MYOG TMIGD3 CLEC12B C3 RFPL4A HCK HPGDS LTC4S GP9 CX3CR1 GPR31 LOC127933115 GIMAP4 OLR1 EBI3 KCNK13 CEBPE GGTA1 ASCL2 CCL7 CYBB CCL8 VSIG4 HCST SLC2A4 LOC128125814 MGST2 SUCNR1 PYCARD ALAS2 SPNS3 APOC4 ADGRG5 CCR1 CCL4L2 GMFG CD4 KRT1 CTSS CNGA1 APBB1IP LILRB5 IL1A TMIGD2 CLRN3 HAVCR2 CEACAM21 GPR34 CD28 HPSE VSIR CD300C CPVL TMEM52B FGL1 PF4V1 MAF BST2 PCED1B SAT1 CLEC7A P2RY12 GNA15 LYVE1 FPR1 CD300A ANXA2R UBE2NL RGS19 LPAR5 ITGAM SASH3 TNFSF10 CD86 RGS10 CNPY3 ALOX5AP EBAG9UORF IKZF1 ST6GAL1 FFAR4 SLC4A1 UTF1 AIF1 STYXL2 NMI EPSTI1 SH3BP1 CH25H TNFRSF13C AHSP NINJ1 MNDA KLF1 S100Z CASP1 CD180 CRYBA4 GLIPR1 C1QB CCL3L1 SELPLG FCGR3A SOWAHD CD300LB CTSC RFPL4AL1 DAPP1 OTULINL CPED1 CCL13 RAB1C FCGR1A MS4A7 INKA1 MRC1 GPBAR1 C1QC FCER1A CALHM6 CD40 OR52K2 TIFAB H3-5 TMEM35B ARHGDIB PLVAP CCL23 CXCL10 SUSD3 TRIM34 IGSF6 FRMD7 VMO1 TMEM269 LILRB4 CD68 CELA1 NCF4 PRAC2 LY86 C3AR1 TLR1 FUOM TBXAS1 SPP1 P2RY6 BIN2 FOLR2 GPR42 ADORA3 ASCL4 TASL RNASET2 CASP5 APOE FFAR3 FCGRT SAMSN1 C1QA CCDC182 IBSP CYBA EPB42 RNASE6 CRYBB1 AGR2 LST1 LOC107986768 IL4I1 GPR84 MOS ZG16B TRIM58 TNFAIP8L2 MORC1 CLEC4A PTCRA SIGLEC12 LAT2 ITLN1 AOAH LYL1 GIMAP1 TENT5C TNFSF8 CYTH4 APOC2 DHRS9 ABI3 CKLF MILR1 ACY3 LOC124903185 P2RY13 PLD4 LGMN GIMAP2 GAL3ST4 CD53 ATXN7L1 SLC7A7 TIMD4 PTAFR TYROBP APOC1 TLR7 LY96 ARPC1B GAB3 RGS18 ACTBL2 IL1B ADRB2 BATF
21.264746,9.958404,Cluster 2,ORBITOFRONTAL MOUSE,NTN5 PLEKHG5 SCUBE1 PCDHGC5 PER1 MAST3 SF3A1 BBC3 PRR36 FOXE3 A4GNT 1110032F04RIK HIVEP3 ICAM4 KEL ADRA1D OTOGL CCKBR LRFN3 OTOP2 HEMGN PRG2 ADNP PPBP TMEM121B EAR1 MYLK3 PIP5K1C MAS1 DRD3 OVOL2 SYNPO GDPD4 TBKBP1 RASL10A KRTAP28-10 PADI6 CCN5 FOXG1 ADORA2A MS4A15 CDSN GRAMD2 ERF FAM163B STX1A KCNN2 KASH5 TMEM40 CCM2L CHRM4 VXN SLC4A1 ZXDA IRGC1 GIPC3 HS3ST2 1110002E22RIK BPIFA1 PLPPR2 UBALD1 CAMK2N2 WNT9A MYH3 NR4A1 MAFA PAPLN HRH3 PRSS12 PRSS22 PABPC1L2A FGF16 MMP17 BC048507 SLFN14 SH3RF3 SOBP POU6F1 GPR25 THBS4 SLC8A2 BAIAP2L2 CPNE5 C2CD4A SPAG6 ARHGAP33 BPIFB3 SMIM43 WNT10B ADAM18 EPOP KRT9 RBFOX1 KPNA7 GALR3 HKDC1 KCNF1 WNT10A SSTR4 LINGO1 SFPQ CWH43 ATP6V0D2 GFI1B GPNMB KRT80 ERDR1X VAX1 IGSF21 ASCL5 SEBOX ITPRID1 DMRT2 HTR6 LTF MUC19 CXCR1 GPR150 LOR CORT CITED4 KCNJ4 FOXF2 SATB2 ARHGAP11A DOC2A RTN4RL2 GPR6 GRM2 WNT1 EPHB6 ALOX12B 4930500M09RIK TBR1 MPPED1 ALKAL1 SLC17A7 TEKTIP1
20.542303,7.86292,Cluster 2,PIRIFORM CORTEX MOUSE,DGAT2L6 OAS2 KRT40 4930433E05RIK POLA2 OAS3 TBX21 ATP2B4 H2-Q1 ZPLD1 HRK LIPM COL10A1 MX2 A4GNT OASL1 SLC30A2 TRIM54 VTCN1 RAD51AP2 CSTL1 GPR179 SPATA31D1E FYB2 OTOP2 CACNG6 FOXI1 SAXO1 IRF7 TNNI3K PLCZ1 DSC3 IFIT3 SAMD3 CCN3 GPR142 DUSP29 MEFV ADGRG5 UBD KRT6A GBP5 RSAD2 MS4A15 PLA2G2E TAP1 IFI44L CFAP97D1 IGFN1 BST2 STPG1 ZAR1L ISG15 RERGL TAAR1 GRXCR2 LAMC2 SLC23A3 MYOCOS KRT73 LCE3B DDX60 RGS21 IFNB1 TAFA2 NOX3 2810461L16RIK ISG20 TMDD1 TMCO5 IL12B LIPG PCSK9 KLRC3 LNP1 KRT75 LEFTY2 ZGLP1 DHX58 BAIAP2L2 DIO3 CXCL10 IL1RN UBA7 1700010K24RIK GPHB5 USP18 LRRC72 KRT9 EPO TECTB ARSJ IFIT1 SLC9A4 TGM1 ADAMTS13 IFNA2 SMCO2 UCN KRT16 ZBP1 PARP10 CYP26C1 IFI44 1700011D18RIK ASCL5 NKX3-1 KCNK15 MX1 CORT PRSS54 LCE1F MLIP BPIFB4 LIPE NCR1 PRF1 CCDC110 SAMD9L WT1 MLKL S100A5 WNT1 IFIT2 FAM187A IFNA4 SCART1 PRSS56 GBP3 GZMB IFNA5 CXCL11 NLRC5 BATF2
21.462948,9.595947,Cluster 2,CINGULATE CORTEX MOUSE,INHBA PCDHA4B ATP12A UCP1 MEF2C A4GNT 1110032F04RIK ADRA1D TNIP3 CCKBR MEI1 OTOP2 PROP1 CCL8 MYLK3 6530413G14RIK OVOL2 RBP7 LIPF PADI6 RTN4R DKK3 CFAP77 IGFN1 PPP1R14A SRY GLP2R ZAR1L STX1A ADIG LAMC2 FIMP1 VXN SLC23A3 RNF39 1110002E22RIK SULT1E1 KRT6B CLEC18A MUC21 WNT9A MYH3 LY6G6C TSKS TMCO5 PRSS12 PRSS22 TRPV6 KRT32 GOLT1A IL12A FABP4 RNF212B NPBWR1 SMIM43 ADAM18 EPOP SAA4 EPHA10 CD80 TECTB TBX22 KRT26 ADGRD1 EGR3 KCNV1 ELOVL3 HKDC1 ADAMTS13 EFCAB3 KCNJ1 EFCAB6 RUNX3 PRSS16 WNT10A KRT80 MPL MRGPRG ASCL5 SEBOX TMEM232 ITPRID1 DMRT2 CCBE1 E2F8 TMEM239 CCL26 ETV3L 1700024J04RIK SATB2 CLRN2 MLIP PTER RTN4RL2 GCNT4 GALNTL6 GRM2 ALOX12B TBR1 GLT8D2 MPPED1 ALKAL1 NEUROD6 GPIHBP1 DKKL1
16.61885,13.209577,Cluster 2,VENTRAL HORN MOUSE,PNPLA5 HSD17B2 UTS2 HOXA6 CT55 H2AB3 VDR SPRR1A PDGFD 2310057J18RIK SH3BGR SERPINB7 TMPRSS15 SYCE1 NUDT22 HOXD9 CLEC12B SPACA3 HOXC8 CRYBA2 4930578I06RIK MNX1 MISP3 CALCB GNA14 LAYN LAPTM4B GPR119 4921520J07RIK LIPN ROPN1 HOXD10 CYB5R3 IFITM10 SYNC SERPINB12 EDN2 IL19 SPP2 HOXA7 ARL16 HTATIP2 1700121L03RIK CHODL 4930442G10RIK AMHR2 ISL2 KLRG2 IL36G FAM83A STBD1 SHCBP1 BC061237 ZC3H11D PIP SLC5A7 TTC24 LRRC52 GLYAT CCNB3 SLC27A6 CALCA PGLYRP3 AHNAK2 HOXC6 AGMAT SLC25A1 FGF21 LBX2 HOXD8 CHAT PLPP1 4930503E14RIK HOXB6 CMTM1 BC048507 PALM3 TACR2 DUOXA2 PRPH SLC10A4 NEFM CLDN16 NEFL LIM2 P2RX5 4930511O05RIK CD7 GPHB5 ANXA10 CD207 FGF18 SPP1 HOXC9 R3HDML KCNJ14 RAB39 HOXA10 HEBP2 LIPK UCN SUSD2 CFI CYP26C1 IL7 TRIM58 P2RX6 CRYGS HOXA9 1700017I07RIK PIP5KL1 LDOC1 ANKRD60 DFFA HOXA11 STPG3 PGF HOXC5 SLC18A3 5033423K11RIK GRIN3B HPN POPDC3 HOXC10 MSTN TECR UTS2B TRIM42 FXYD7 CCDC83 POLR3G OTOS MMP9 1810062G17RIK SPMIP5 6030498E09RIK PDE6B SPRR2B
19.618944,8.834462,Cluster 2,ENTORHINAL CORTEX MOUSE,NTN5 IL2RG 4930433E05RIK CD3G LIPM CD3D IGSF23 CD2 GIMAP4 GRAP2 PHF11 DSC3 HCST CCN3 DENND2D KLK11 SIT1 IZUMO1R CARD11 CD28 PRL TSPAN32 STPG1 FERMT1 KLK12 GRXCR2 GPR18 TMEM71 SLC23A3 LAT IL27RA CCR7 KRT73 GH GIMAP7 ACAP1 CD27 CD3E CD5 TACR2 PGLYRP2 LEFTY2 CGA DIO3 DAPL1 SLC26A4 CYTIP TESPA1 SLC9A4 FAM240A CD40LG ADAMTS13 LCK ASCL5 ITK SKAP1 ITPRID1 PRSS8 LTB CLRN2 CD96 CD52 RSPO2 GPR132 ENTHD1 MPPED1 CD247
12.060963,8.100641,Cluster 2,LATERAL GENICULATE NUCLEUS MOUSE,MYO1G CCL22 ZC3H12A SLC24A1 MYC GPR183 4930469B13RIK REL BLNK 4930478M13RIK DUSP1 GLTD3 CD33 TMIGD3 TNIP3 ASTL IQCN CLCF1 OLR1 LCP2 4930448A20RIK RNASE10 HSPA1A NLRP3 CSF2RB TNFSF18 TLR2 4921520J07RIK MEFV SLC29A3 IL1A ACOD1 1700016F12RIK TRIM69 ITGA5 CD300C ATP6V1FNB LACC1 EVI2B DCSTAMP CEP295NL OVOL1 BMP10 TGIF1 GPR65 ORM2 IRF4 4930596D02RIK GLT6D2 SAP25 CASS4 LRRC63 4930535G08RIK CD86 SELP ARL9 IKZF1 NFKBID PRM1 PRPS1L1 2010013B24RIK 4930486L24RIK ACP4 FRRS1 CD180 TMEM156 CD274 EID3 RXFP4 PIK3R5 ICAM1 SLC15A3 OSM IL12B NEURL3 SLAMF8 NFKBIZ TLR5 IFNL3 GNAT3 4930562C15RIK UGT1A5 PRDM1 4930477G07RIK TNFAIP3 1700061E18RIK IL1RN IL10 RUNX1 ELF4 IGSF6 TLR8 EDARADD CCRL2 C3AR1 TLR9 WNT9B 1700011L22RIK BIN2 4933435E02RIK P3H2 ATF3 TASL FAM83G PAX4 FAM177B 4930551O13RIK SLAMF7 RGS1 4933430L12RIK GPR84 IL4I1 TTLL2 SIGLECL1 CCL3 CXCL16 MMP12 CCL26 ZFP36 TAGAP TENT5C STXBP4 H2-Q10 THEMIS2 FOSL1 MAP3K7CL GDF15 ADAM30 KRTAP12-1 CASP4 C5AR1 WFDC12 PLEK FAM71A MLXIPL MS4A14 TIMD4 TNF PTAFR TICAM2 F9 TLR7 PRR30 H2-Q7 COMT LY96 IFNB1 HPGDS BATF
18.675009,9.324838,Cluster 2,SUBICULUM MOUSE,PRR9 IL2RG TCF7 TXK PTPN18 LAX1 FAM240B CD3G LIPM TMPRSS11E DUSP1 CD3D TCHHL1 MAGEA3 IGSF23 CD69 KRTAP4-9 CD2 TRAF3IP3 GIMAP4 GRAP2 PHF11 ACTC1 HCST AU017674 RAB19 LTA GIMAP5 GMFG CAV3 GRHL3 DENND2D SIT1 FBXO47 KRT33A ZC3H12D THEMIS IZUMO1R CARD11 CD28 ITGB7 CTSE MSGN1 4933404I11RIK TSPAN32 4930555O08RIK KRT31 CRHBP KLK8 IKZF3 RAC2 1700016H13RIK GPR18 BTN2A2 TMEM71 4930403P22RIK LAT IL27RA CCR7 PTHLH DEFB26 GIMAP7 4930486L24RIK AMN GRP RXFP4 RBP4 KLK7 ACAP1 CD27 LOC100862115 AQP12 CD3E TCAP SLC17A9 CD5 4921520N01RIK SPN ALKAL2 PGLYRP2 DOK2 S1PR4 GPR39 DAPL1 CD7 NPBWR1 CRYAA TREML2 CYTIP SGCA TESPA1 CRYGA KRT33B HROB FAM240A CNN2 NNMT CTSW CD40LG ADAMTS13 CTLA4 IFNA2 WNT5B NXPH2 NPPB SPINK8 TREH MOXD1 COX6A2 LCK SH2D2A TBC1D10C ITK SKAP1 PGAM2 SEPTIN1 LTB GATA1 KCNS3 TNFSF8 SELL LCE3A NGF 4921539H07RIK CD96 NCR1 HRH4 KLHL40 COL4A3 CD52 ALOX12B PRSS51 GPR132 ENTHD1 CD6 CD247 RAB38
16.787481,11.828654,Cluster 2,PRIMARY VISUAL CORTEX (V1) MOUSE,1700018P08RIK IL36B RGS21 CLDN22 FSHR KRTAP9-5
15.072058,15.092009,Cluster 3,DORSAL ROOT GANGLIA MOUSE,POU4F3 LHFPL1 CYTL1 MRGPRX1 MYMX AGXT2 TRPV5 HOXD12 CLTRN SLURP1 HOXB9 TLX2 CDH16 SPRR1A TRARG1 ASIC3 CCL1 UGT3A2 GML MS4A3 HOXD9 MDFIC2 TECTA H2-M11 TMEM174 HOXC8 SLC7A9 NCMAP BSND MMP25 CALCB GNA14 MATN3 SNORC GPR119 BGLAP LIPN BNC1 HOXD10 MPZ SLC7A13 TRPA1 SAA2 HOXB8 AVIL ARHGAP28 CLCNKB MROH2B HOXC13 SIX1 KIF12 HOXA7 HOXB7 CYP24A1 CAPN9 UMOD SCN11A ISL2 TMIGD1 TRPV1 COMP PIRT TSPAN8 ASB9 DHRS2 CILP TFPI2 ACSM2 RERGL TRAPPC3L GRXCR2 NMB TAFA3 KCNE1 FXYD2 CLEC3A HTR3B PTGIR CCDC172 LOC102633783 SLC5A2 PMP2 TMEM79 SERPINA11 HOXC11 SLC5A10 FGF4 EPPIN SYTL3 CALCA NKX3-2 HOXC6 SOWAHD PPM1J FOXD3 MFAP5 NEUROG3 FCAMR PRPH ACSM1 NPHS1 LOC118568473 SPEER1M CCDC68 CLDN16 TMEM238L SLC17A1 TYRP1 SLURP2 PIEZO2 F2RL2 GSTA2 CLCA2 NPHS2 MEOX2 KRT27 KCNK16 CHAD PRX HS3ST6 1700011L22RIK KAP AGTR1B KLK5 HOXC9 PRRXL1 KCNK18 LCE6A THEM5 PDZK1 R3HDML ACPP HOXA10 A3GALT2 LIPK SLC47A2 TCF21 KCNJ1 SLC17A3 NPPB PRDM12 SLC10A6 TMEM213 HMX1 TINAG HOXA9 GALNT5 TMEM233 PHLDA2 GSTA5 PPEF1 SLC34A1 FAM178B HOXA11 WFDC5 4930448D08RIK DEFB29 SLC12A1 PPP1R1C P2RX3 MIOX CLRN2 SRD5A2 SCN10A GFRA3 HOXD1 LPAR3 PLEKHA4 HOXC10 4930434O05RIK WT1 COL28A1 HAO2 UGT1A10 TLX3 TRPM8 FBP1 DHH SPINK2 HOXC12 AQP2 G6PC OTOP1 MRGPRD PTGDR TMEM45B CCL11
14.142774,15.637851,Cluster 3,DORSAL HORN MOUSE,CLCNKB HOXD8 HOXA7 CYP4B1 HOXB7 HOXB6 CLTRN HOXA9 UMOD HOXB9 MEP1A CDH16 GUCY2D SLC34A1 HOXA11 DEFB29 UGT3A2 SPINK1 HOXD4 MIOX SLC12A1 HOXD9 NMU TMEM174 HOXC8 HOXC10 SCGB1A1 KAP AQP2 PDZK1 HOXC11 HOXD10 MPZ SLC7A13 ADGRG5 HOXA10 HOXC6 KLK1 SLC17A3 HOXB8 SLC17A1
13.434826,16.874435,Cluster 3,HABENULA MOUSE,LHFPL1 4930553M12RIK HOXB13 ATP12A MUC2 1700012C08RIK ABHD12B SLC26A3 SNX31 HOXD13 NWD2 GSDMC SYT15 4930517L18RIK ADGRG7 FERD3L TRIM31 9530002B09RIK CPA1 PRDM14 TEX13D WFDC9 TM4SF20 SMIM31 ZP3 ROPN1 GPR151 SBP CHRNB4 ST6GALNAC1 4930442G10RIK MSGN1 CDH26 TFF3 ADAMDEC1 DTHD1 4930465K09RIK SERPINI2 FCGBP BHLHE23 CEL ANG4 MSMB RSPO4 VSIG8 ZC3H11D PPP1R14D KRTAP10-10 AMY2B 2310079G19RIK 4930564C03RIK RGS21 CAPN13 DEFB14 PNLIP MUC4 SLC5A8 MUC3 CDX1 DMBT1 HOXA13 GPA33 SULT1B1 PRR29 SLC38A8 4930579M01RIK VPREB2 LRRC66 TYRP1 PRSS2 NPPA 5430402P08RIK 1700049E17RIK1 TSPAN1 1700128I11RIK PNLIPRP2 CFAP221 FAM3D PTPRQ SLC6A14 STRIT1 4930551I15RIK 1700024G13RIK RETNLB 4930573I07RIK ASCL4 FAM3B RBM6 AGR2 LYPD8 FER1L6 MUCL1 MUC13 PNLIPRP1 GTSF1L CPB1 SPINK4 CLCA1 ACTG2 HRH4 4921522A10RIK MIXL1 GUCA2A GAL3ST2 GCM2 AQP8 REG4 GNG8 TEX43 GLIPR1L1 CRYGN 1700013M08RIK SYCN
10.797137,15.403907,Cluster 3,ENTORHINAL CORTEX HUMAN,ACOT11 FMO1 ACP6 CCDC18 FCGR2C LDLRAD2 ZP4 PRDM16 SPTA1 F3 S100A14 LOC124904411 NTSR2 SHCBP1L GGCX SELENBP1 RNPC3 PRPF38B TUT4 AXDND1 USP17L8 CTBS UNC45B S100A2 PTPRC CCDC190 LOC102723502 CCNL2 GBP7 NFIA ABHD1 INHBC SFT2D3 GPR37L1 LCE5A S100A13 SLC30A10 PLPP3 PDZK1IP1 CDK11A TDRD15 CHAC2 CHI3L1 TRIM39-RPP21 SAMD11 TDRD10 CD160 NOTCH2NLC NUP210L TEX50 SPATA6 ARMH1 AMY1A NPL NOTCH2NLR GSTM1 TMEM79 SLC27A3 NUDT17 EPPIN SRGAP2 INSL5 TMEM200B PKN2 TLR5 FCGR1A PLA2G5 CDC14A ZMYM6 SPDYA NLRC4 PFN4 TBX19 LPIN1 SFXN5 CCDC142 SLC2A5 NOTCH2NLB CRB1 NOTCH2NLA GKN2 SLC44A3 PLGLB1 MYCBP EFNA1 ADORA3 FPGT GPAT2 TFF2 TRMT13 AGT ECHDC2 ERLEC1 TTC4 OR10Q1 FAM177B UCN LYSMD1 ATP6V1C2 KRTAP3-1 IL6R SPATA1 GSTM5 C1ORF202 AHCYL1 RHD PLEKHO1 MUC19 MUC1 BATF3 INHBB GJA9 USP17L23 BCAR3 PIGM ZC3H11A MKNK1 PUS10 PYDC2 IFI16 ZRANB2 OTX1 PKLR NBPF8 HSD17B7 TRNAU1AP ANGPTL3 H3-7 DOCK7 MDM4 ZC3H11B RGS18 TMEM51
11.946747,17.450777,Cluster 3,THALAMUS MOUSE,IGFBP1 HPD MRAP UCP1 CLPSL2 FGB SLC17A2 RNASE9 CFHR3 AMPD1 ENPP7 ALPI LEP MMP7 ATP2A1 HSD17B6 F11 F2 MYL1 C8B PROC APCS MUP1 SUCNR1 HPX 2010106E10RIK LIPF FABP2 CFHR4 MYOZ1 CIDEC GNRH1 MYLK2 CRISP1 HRG APOB LCN5 AOC3 PLA2G2E CFD LALBA CCR8 URAD DEFB28 GPX5 LRRC30 SPAG11A DEFA5 FABP6 ADIG ANG4 MYH4 CEL SULT2A1 CTRB1 DEFA2 UGT2A3 AHSG C9 BTN1A1 NKX2-4 DEFB26 LCN9 CYP8B1 LCN8 ADIPOQ MC2R LCN6 SPAG11B BC048679 AMBP PLIN1 TAT MYF6 DEFB20 DEFA3 SERPINA5 CYP7A1 GYS2 UGT1A9 KISS1 CST8 GC APOA5 AGXT AZGP1 FABP4 CLEC4F CSN1S1 LCN10 KNG1 ORM1 SPINT4 CYP17A1 CSN3 CST11 PPY APOH ELOVL3 2010003K11RIK REG3G CPS1 OVCH2 F13B FGA ADAM7 ITLN1 DEFB21 MUP15 TNNC2 AY761185 PCK1 MYBPC2 PTH ABCB11 OLAH MAT1A FGG CSN2 ALB ITIH1 G6PC PLG OTOP1 ITIH4 HSD3B1
3.0619006,10.94049,Cluster 3,SUPERIOR COLLICULUS HUMAN,SLC29A2 TCF7 MTARC1 CYP2F1 FAM86B2 ZDHHC7 STIMATE-MUSTN1 DRD5 ACP6 RBM4B CLOCK DIPK1A LHFPL3 GLRA1 DNAJA4 TM6SF2 ZHX3 DCUN1D1 NDFIP1 FOXE3 OARD1 SLC39A13 EIF2S2 HLA-H MORF4L1 DRC3 INPP4A TRIM51G RD3L TSPO2 TRA2B PSME3IP1 YWHAG GPR61 PRSS1 BBS1 AMIGO1 NDUFV3 PBX2 TRIM51 EGLN2 MAP1LC3B SNORC CMTR1 LOC128071544 NFE2L3 MTARC2 ABITRAM INSYN1 GORASP1 FAM219B ZNF862 HLA-A TRIM49B FABP3 FAM90A14 HSDL1 ANKRD54 AVIL TBKBP1 LOC101929775 STIMATE TAP2 PATE1 ELOA2 CLK3 EARS2 RAB6B CSNK1G1 DDHD2 SYPL2 UAP1 WBP1L PROX2 METTL8 CHRNB3 SCN11A ST3GAL3 LRRC37A SULT1A2 TEX101 DEF8 PLLP FBXW8 SYT11 TBC1D22B METTL15 CAPN5 MIURF TPD52L2 SEMA3G GALNT10 HLA-DOB NCR3LG1 EXTL2 TMEM245 PPM1K CYP2A7 PIGL TOM1L2 NUCKS1 SEC14L1 SCAMP5 HDHD2 MANBAL APH1B LPGAT1 UBE2R2 PSMC1 LONRF2 RNF39 ACTRT3 NUMBL PPCDC DCTN5 UBE2D3 BAK1 MARS2 CTF1 FCF1 RAB30 ZNF475 FGF12 TAS2R1 TMEM217B ENSA CNOT9 SNX1 NRSN1 NSF SLC41A1 LMAN2L CTDSP2 ALG12 CDRT15 GGA2 SPDYE3 OR1D5 ACMSD SPDYE8 OR1D4 CHRNA6 CCNH CPLX1 SULT1A1 CNNM2 CHST10 AREL1 PCGF3 IL12A PPT2 PFN4 COA5 ARHGEF2 MSRB3 PPP1R11 IFNAR1 MAU2 CDK2AP1 RDM1 HAPLN4 CLEC16A TRIM26 RPP25 USP31 TNP2 MICA KLHL29 SAYSD1 PDXP CD80 DLST DND1 MOK PALS1 CRNN GARIN2 MCCD1 AP5M1 WDR82 RPS6KB1 NT5C1A GPR161 MCL1 PPP2R5C KCTD2 FADS1 FAXC ARL17A LOC127903862 DMRTB1 VIL1 NPIPB9 UBFD1 GABBR1 CYB561D1 G3BP1 SNX9 RBM14 BDNF UHRF1BP1 GID4 TMEM39A FRRS1L USP6 MX1 RPS6KL1 AGPAT1 NFYA ZCCHC14 LRRC37B CRELD1 ADCYAP1R1 ZNF391 CELF1 MYBPC2 LRRC37A3 PELI3 ARL17B PLCD4 DTWD1 LOC107984156 TCP11L1 TAL1 ERVH48-1 GPR156 GOLPH3L KATNAL2 UBE2Z DEXI DNAJC5 AIDA STX1B SPOCK2 COMMD7 OR2B8P TRIM39 HLA-DQA2 FAM180B DVL3 LRRC37A2 WNT3 ZNF746 SHLD2 CLK3-AS1 LOC102724971 ANKRD27 ZKSCAN8
13.300531,15.76332,Cluster 3,HIPPOCAMPUS MOUSE,LEFTY1 FGB LEP UGT3A2 ZG16 SPRR2D TCL1 TEX13D IGFBPL1 DSP UMOD TFF3 GPX5 DEFA5 FABP6 ANG4 DEFA2 CLDN22 SERPINB2 LCN8 SPAG11B LCT CST7 PLA2G2F DEFA3 KAP CST11 SLC9A4 REG3G FGA ITLN1 MUP15 SLC34A1 MIOX 4921539H07RIK GIP RTL3 ALB CSF3
12.826815,16.426788,Cluster 3,PREFRONTAL CORTEX MOUSE,SLC22A1 FAM151A CYP4B1 SLC51B CDH16 FGB RNASE9 ENPP7 UGT3A2 MMP7 IL31 ZG16 PLA2G2A TMEM174 ODAM H2-M1 SLC7A9 GJA3 PROC BSND AW822073 ISX 2010106E10RIK SLC22A12 SLC7A13 FABP2 KLK1 CLCNKB CUZD1 MYOZ1 AOC1 CRISP1 CYP24A1 LCN5 UMOD TMIGD1 TFF3 DEFB28 SIS GPX5 SPAG11A DEFA5 FABP6 ANG4 DEFA2 ABCB5 DEFB26 SLC5A2 H2AB1 SLC5A10 MS4A18 TLE7 MUC3 BC048679 DMBT1 PAH CDHR5 MB MEP1A DEFA3 ACSM1 TMEM238L DEFB23 EDDM3B H2AB2 LRP2 SPINT4 KAP RNASE12 DEFB30 REG3G KRT82 MYL2 SLC17A3 LYPD8 LOC100503733 MUC13 F13B WFDC8 ADAM7 FGA NAALADL1 ITLN1 4930449I24RIK SMIM39 DEFB21 MUP15 SLC34A1 AY761185 DEFB29 MIOX MEP1B CLCA1 FGG MALRD1 GAL3ST2 GUCA2A UGT1A10 HNF4A FLG2 ALB G6PC SLC17A1
11.364222,16.081478,Cluster 3,CEREBRAL CORTEX MOUSE,GNMT RGN AGXT2 SLC22A1 HPD MTARC1 FABP1 IGFALS CLTRN OTC CDH16 FGB SLC17A2 CFHR3 FETUB TTC36 GCGR UGT3A2 SERPINA12 C8A FTCD PLA2G12B MBL2 F11 HSD17B6 F2 TMEM174 C8B GSTM3 BSND DNASE2B PROC TDO2 APCS APOM MUP1 AFM SUCNR1 HPX CYP1A2 SLC7A13 HSD17B13 CLCNKB CFHR4 A1CF KIF12 PZP BHMT INHBC METTL7B AADAC HRG APOB CYP24A1 ADH4 HAMP UMOD URAD ABCG8 UGT2A3 AHSG ASGR2 C9 HABP2 CYP8B1 SLC5A2 SERPINA11 HGFAC SERPINF2 DIO1 AMBP SERPINA7 APOA1 APOF PAH ACOX2 TAT ACSM1 CYP7A1 UGT1A9 GYS2 CLDN16 GSTA2 GC APOA5 AGXT PDILT APOA2 AZGP1 SLC22A7 CLEC4F SLC27A5 AADAT KNG1 ORM1 HGD C6 CFHR1 CFHR2 KAP CPB2 APOH CPS1 KCNJ1 SLC17A3 PON1 HAO1 CFI F13B TMEM213 UGT1A1 BAAT TINAG FGA GDF2 MUP15 SLC34A1 CYP2E1 SLC38A4 DEFB29 SLC12A1 MIOX ABCB11 SERPINA6 FGG MAT1A FBP1 UGT1A10 HNF4A PKLR OBP2A AQP8 ALB ITIH1 G6PC PLG AQP2 ITIH4 AMDHD1 F12 LIPC GLTPD2 LECT2 SLC17A1
11.862759,17.001305,Cluster 3,HYPOTHALAMUS MOUSE,IGFBP1 HPD MRAP IGFALS UCP1 CLPSL2 FGB SLC17A2 RNASE9 CFHR3 AMPD1 ENPP7 ALPI LEP 2310002L09RIK MMP7 ATP2A1 HSD17B6 F11 F2 C8B PROC APCS MUP1 SUCNR1 HPX 2010106E10RIK LIPF CFHR4 MYOZ1 CIDEC GNRH1 MYLK2 CRISP1 HRG APOB LCN5 AOC3 PLA2G2E ADH4 HAMP CFD LALBA CCR8 URAD DEFB28 GPX5 LRRC30 SPAG11A DEFA5 FABP6 ADIG ANG4 MYH4 CEL SULT2A1 CTRB1 DEFA2 UGT2A3 AHSG C9 BTN1A1 NKX2-4 DEFB26 LCN9 CYP8B1 LCN8 ADIPOQ MC2R LCN6 SPAG11B BC048679 AMBP PLIN1 TAT MYF6 DEFB20 ACSM1 DEFA3 SERPINA5 CYP7A1 GYS2 UGT1A9 KISS1 CST8 APOA5 AGXT AZGP1 FABP4 CLEC4F CSN1S1 LCN10 KNG1 ORM1 SPINT4 CYP17A1 CSN3 CST11 PPY APOH ELOVL3 2010003K11RIK REG3G CPS1 OVCH2 F13B FGA ADAM7 ITLN1 DEFB21 MUP15 TNNC2 AY761185 PCK1 PTH ABCB11 OLAH MAT1A FGG CSN2 ALB ITIH1 G6PC PLG OTOP1 ITIH4 HSD3B1
15.086782,14.432063,Cluster 3,DORSAL ROOT GANGLIA HUMAN,MRGPRX1 CST1 SMIM28 PRPH KRT14 CST4 TRARG1 RPL10L SCN10A GFRA3 KRT5 SPRR1B CALCB MYEOV EXOC1L MMP1 KCNK18 XAGE1A MRGPRE XAGE1B CALCA KRT6A
5.3293386,7.817383,Cluster 4,OCCIPITAL LOBE HUMAN,LOC102723407 SLC2A4 ATXN3L TMEM107 WDR74
2.923658,6.8194633,Cluster 4,AMYGDALA HUMAN,SLC38A8 PTGER3 DCSTAMP UCMA TCP11X1 TGM3 WDR74 CYP26B1 PTH FSHB FOXB2 LYZL4 CSKMT P2RX2 TRHR TFAP2D KLK7 TG H4C11
4.7340302,5.971393,Cluster 4,SUBSTANTIA NIGRA MOUSE,NCCRP1 NPW 1700041M05RIK EN1 TTC6 CHRNB3 SLC6A3 FOXA2 FAM167A NTSR1 CHRNA6 SLC10A4 RET SLC34A3 RLN3 PITX2 LRRC17 FGF20 EPX SIGLECL2 DDC CASR NINJ2 CCL1 ALDH1A1 GUCY2C FERD3L SMR3A SLC39A4 H2BC1 BPIFA2 SLC18A2 MGAT4D MYOCOS TMEM207 PAX5 PITX3 FOXA1 LMX1B PMCH AI661453
3.469536,4.2335916,Cluster 4,LOCUS COERULEUS HUMAN,GFRA4 PLCXD3 FNDC10 EVPL ARHGAP36 RBMY1J DYNLL2 LBHD2 WNT11 GPX3 CFAP119 HPCAL1 KCNE2 CALCR STAC MT2A NPB PDGFD RTL9 RTBDN SLC7A4 INS PCSK1N MYG1 NR1I2 PODXL2 CENPVL1 ACHE NGB INSM2 FIBCD1 CRYBB2 CENPVL2 CRYBA2 EGFL7 RTL8C TMEM114 DBH ZCCHC12 TRPV2 CCDC184 NPAS1 FAM246B TEX26 IRX6 UCN3 SMIM10L2B MRGPRE ECE2 PITHD1 EVX2 DEFA6 DHRS13 REEP2 MAOA PEBP4 LOC114841035 STMN3 SMIM41 CEACAM21 EN1 SYNGR3 VAT1 ACOT7 CHODL AMIGO2 PRKAR1B GPR139 IFNL4 TBC1D3E PROKR1 EDN3 GALR2 MMEL1 CCR10 CAPNS1 PNMA8B VSTM5 TMEM255A RHBDD2 GABRE GCH1 NUPR2 MAPK3 DUSP26 MAB21L2 CALHM3 NXPH4 RSPO4 VAMP1 BSCL2 CRISP2 PRLH SLC18A2 SMIM48 IRX4 SCG2 BHLHA9 CTXN2 PHOX2A SLC5A7 CT45A1 F8A2 CHAC1 DLK1 GNG3 SLC22A17 LIMK1 SPHK2 FAM43B MESP1 CHST8 VSX2 ADRA2A MYADML2 TTC39A DMRTC1 CAMK2N2 CYGB CREB3L3 PNMT SLC2A6 CRH ART5 KCNE5 VGF STOML1 SLC25A1 CHAT COX4I2 FGF16 MAPRE3 CITED1 CST1 CLTB DCAF12L2 FEV SLC38A8 PALM3 C8ORF90 SLC10A4 RET STAR PCYT2 EPDR1 HCFC1R1 PRLHR PHOX2B TACR3 LINGO4 RTL1 VSIG10L KNCN CYB561 DUSP13 TFAP2B FAM246A TMIE KISS1R NT5DC2 IFI27 MAP1LC3A CLIP3 RNF128 C1QL4 SNCG CARTPT ABHD16B FBXO2 NAP1L5 PAX5 CT45A7 PIN1 CCDC201 CALB2 CSDC2 KLK5 TPRG1L NKX1-1 GLRA2 SCGB3A1 QPCT RAMP3 HCRTR1 FAM240C CHGB ARHGDIG F8A3 SUSD2 CHRNA7 NEFH S100A1 ADCYAP1 TH RNF208 INS-IGF2 COX6A2 OR2W3 LRRC61 TMEM179 OTP UCHL1 RELL2 SELENOM NECAB2 VAT1L TMEM275 AQP5 DBNDD1 DDC PNMA6F GABRQ RTP5 CEND1 FBLL1 GPR68 ASS1 ATP13A2 TPPP3 SLC18A3 SCYGR4 SLC6A2 SPRR2G PYDC1 OR2T8 EVX1 TOX2 CCNA1 DIRAS3 IL34 CELF6 CT45A2 CT45A3 REEP1 EML2 ZACN NHLH2 PRSS56 LDHD KCNK3 SMIM29 TACR1 GAL KCNK9 CT45A6 CALY ALDOC IGSF1
3.634411,3.4011881,Cluster 4,LOCUS COERULEUS MOUSE,LHFPL1 4921521D15RIK CHODL TM4SF4 CALCR CHRNA6 NPS NPB SLC10A4 PCBD1 PLA2G4D RLN3 PHOX2B CILP SHISAL2B PAX7 C1QL4 SLC6A2 EVX1 GRXCR1 GAST IRX4 SLC18A2 BANF2 IGSF5 PHOX2A UTS2B DBH GTF2A1L FOXD4 CHCT1 HCRTR1 EVX2 GAL LIPK CALCA
2.2224035,6.6618724,Cluster 4,CENTRAL AMYGDALA HUMAN,ABR GFRA4 PRR9 SEMA4F IFNL2 RAB11FIP5 ELFN2 OR52W1 UBE2V1P16 IFNL1 CCIN ZNRF4 FBXO41 OR52B2 FOXQ1 ATP2B4 SMIM46 SLC22A24 AKR1C8 CDH16 RAB3D SLC9A2 PCDH1 FBXL16 KCNG1 PTTG1IP2 TCP11X1 DNAJC5G SPATC1 OTOF ASTL TP53INP2 KIF3C MOGAT2 FSHB TTBK1 APBA1 PROP1 FIBCD1 OR2T29 ADGRL1 OR2S2 CCDC70 FAM219A ZCCHC12 CTXND1 TRHR SHANK1 IQSEC2 MAS1 CRYBB3 KNDC1 UROC1 PRB4 SYNPO NPFFR2 TEKT5 SPATA48 SEMA6B GJB5 ZC2HC1B GOT1L1 OR6M1 ZSCAN5B TNP1 MAP3K10 SPATA31A6 OR6T1 EXTL1 DCSTAMP PLA2G2E SDC3 SCN11A IFNL4 KRTAP4-16 ZNF831 IGFN1 NOS1 PALM LOC128966728 CAPN8 TCP11X2 SLC9A1 SHANK2 TAAR1 IFNW1 MAPK3 PHF24 BSN GLT6D1 CYP26B1 FBXW12 IGSF10 SYNGAP1 RAP1GAP2 NCS1 CEP170B TMEM225 FAM189A1 IL1RL2 PLPPR2 DAGLA LOC102725023 CCDC195 SH3PXD2A DLGAP4 KLK7 PITPNM2 ETDB KLHL34 GPRIN1 CHP2 NHSL2 CHI3L2 PGBD5 FAM236C KCNK4 OR5V1 OR7C2 OPRK1 KCNC4 SLC38A8 PTGER3 OR12D2 CBX6 KCNAB2 MS4A8 PRB3 TACR2 NPTXR TTLL8 ZSWIM9 CMA1 KCTD4 TACR3 RTL1 OCM TMEM238L KNCN TRIM43 UCMA KCND3 NPY4R OR14I1 MC3R C2CD4A TGM3 CLIP3 H1-7 KIF1A OR10G6 CXCL10 OR2T27 COL25A1 REXO1 MFSD4A ETDA CAMTA2 MUC6 SAA4 LYZL4 CHD3 H2AP P2RX2 SPACA1 KLK5 ARRB1 PDXK OR12D1 THEM5 ADRB3 CCDC185 SNAI3 CACNA1H LIMS2 ELOVL3 PNMA5 FAM236D KCNQ2 LOC102723971 KCNJ1 SSTR4 CDHR2 DOK6 FER1L6 PITPNM3 SAA2-SAA4 STUM GNRH2 CASKIN1 TP53I11 OR4D5 DPPA5 RAB3B SDR9C7 EPB41L1 AQP12A ARHGAP6 TMEM275 UMODL1 MMD2 SEMA4A SPANXN4 CDH4 CSP1 RTP5 ACTRT1 GABRQ ADAD2 ERICH4 HIPK2 SHISAL1 SPINK14 FAM47A MEIOSIN SPRR2G PIANP COL5A3 TEX13B MEPE MTNR1B OR56A5 PAX1 IL34 RTN4RL2 LMTK3 TRIM43B HAO2 ARHGEF28 TMEM215 KCNN1 CPNE6 CMIP SCN5A PPP1R9B THPO PTX4 GRIK5 MAP1A CRYGN CRTC1 LOC122526780 SAA1 FCER2 TG TFAP2D
4.2987137,6.762702,Cluster 4,SUBSTANTIA NIGRA HUMAN,PGAM4 TH EN1 CHRNB3 SLC6A3 FOXA2 NTSR1 KLHL1 RET SLC10A4 LOC112267881 INS MBOAT1 DDC TMEM255A PADI1 ALDH1A1 ZAR1 AGTR1 WDR74 SLC18A2 SPANXN1 PITX3 FAM166A
1.332962,6.361827,Cluster 4,CEREBELLUM MOUSE,1700013G24RIK SLC22A16 FAM71F1 TXNDC8 MYMX 1700009N14RIK SPEM2 ZNRF4 CCIN TBC1D21 SMCP POM121L12 CLPSL2 POM121L2 1700018F24RIK SLC9C1 LY6G5C DNAJC5G LLCFC1 MBD3L1 SPATC1 PRR27 TSSK5 LELP1 TTC23L H2BC1 TEX37 GKN1 4930578I06RIK CCDC70 TMEM247 PUDP TMEM270 FSCB 1700006A11RIK ARMC12 LDHC MROH2B SPATA16 SLC22A14 TFF1 TNP1 TMCO2 HSFY2 SPEM3 4930571K23RIK BPIFA3 PGK2 ODF1 4930517N10RIK TEX13A 4930570N18RIK FTMT CST9 GALNTL5 GPX5 IZUMO2 TEX44 PLAAT5 UBQLNL 1700016H13RIK AKAP4 TPPP2 PRSS37 CCDC54 MS4A13 CRISP2 SULT2A1 FSCN3 IRGC1 FSIP2 ACTRT2 PTF1A P3R3URF PRSS58 TMEM225 LYPD4 IQCF1 CTAG2 LCN8 SPAG11B CATSPER1 UBL4B NT5C1B DUSP21 PDHA2 NIPSNAP3A FABP9 COX8C TPSB2 DEFB20 GSTT4 PRM2 SERPINA5 ADAM20 CST8 TEX55 CETN1 4933411K16RIK CCDC179 TNP2 GKN2 1700012A03RIK CD207 LCN10 H2AP ANKRD36 CST11 DPEP3 BC048671 ATOH1 LRRC74A MYOD1 CCDC185 QRICH2 DNAJB8 RIPK2 CBY2 CABS1 4930544G11RIK CAPZA3 ANTXRL PABPC2 1700029H14RIK SPZ1 FAM71E2 ACTRT1 NKX2-6 4933402J07RIK PRSS21 ACTL9 SUN5 KIF2B 1700018B08RIK GK2 SPPL2C 1700003H04RIK 4930544D05RIK TRIM42 ACTL7B PTCHD3 C2CD6 FBXO39 UBQLN3 SMIM23 4930407I10RIK PRR30
4.420397,5.6672697,Cluster 4,VENTRAL TEGMENTAL AREA MOUSE,TGM6 FOXA2 FGF20 GUCY2C FERD3L SLC39A4 GKN1 PITX3 FOXA1 KRTAP9-5 CNBD1 DMRTA2 EN1 TTC6 CHRNB3 CHRNA5 SLC18A2 RPL10A MGAT4D LMX1B NCCRP1 PLA2G2F 1700041M05RIK CHRNA6 KLHL1 LRRC17 SLC10A4 LMX1A PITX2 RET TACR3 SIGLECL2 PAX7 1700049E17RIK1 C1QL4 CHRM5 TATDN1 KRT4 TMEM207 PAX5 UCN NPW IHO1 SLC6A3 NTSR1 TPH2 RLN3 GHSR DDC CASR GSC2 FOXD4
5.856301,7.636914,Cluster 4,PARIETAL LOBE HUMAN,TAF11L6 CXCL9 TMEM107 OR52E1 BPIFA3 SMIM46 LOC102723407 ATXN3L TAF11L7 OR14I1 HBG2 HDGFL1 WDR74 KIF2B OR2T27 FAM90A8 PYDC2 HABP2 SETSIP H4C13 CTAGE15 DEFB109B SMIM39 LOC128125814 LOC128031837 KCNS1 CXCL11 LOC107986375
3.5859883,22.59173,Cluster 5,DENTATE GYRUS HUMAN,TMSB4Y TSGA10IP RSPO1 ARHGAP36 CDCA4 H3C8 AMELY TPM1 IDH1 PCDH18 ZNF730 CAPN6 SP8 PXDN RPS4Y1 MAP1LC3C CA9 CDCA2 PALLD NEK2 EXT1 ADAMTS15 PLEKHG4B VTCN1 EBF2 CENPF NMU MCM10 DDX3Y BIRC5 CCDC8 GDF5 SLC18A1 HJURP TP53INP1 IGF2BP3 COL4A6 NXN ACKR3 COL26A1 CELSR1 SULF1 NCAPG TAGLN MAGEB6 PLA2G3 IGFBPL1 PI15 PCDHB2 BTBD17 EPHA2 CRISPLD1 MND1 CCND1 LOC124905412 DMRTA2 ADAMTS7 NUF2 NTF4 AJUBA FAT1 H3C12 BCAT1 CBX2 SLC17A8 SFT2D3 AEN TENT5B H3C11 CCNG1 CLDN1 THBS1 KIF15 KIF4A CLIC6 TGIF1 SRY OLIG3 STC1 DEPDC1B SMO RSPO3 TFPI2 PMEL IGDCC3 MTFP1 BHLHE23 AURKB CDCA7L NES MMRN1 NEUROG2 TSPAN11 IRS4 POTEF COL2A1 DBX1 TNFRSF10B PFKFB4 FBN2 RAX BUB1 ISYNA1 TMPRSS7 TPBG VSX2 HAS2 UHRF1 DTL PLK4 GPC2 H3C6 EGF TEAD3 CRYGC KNL1 SFRP2 ART5 ADAMTS12 MSI1 GLI2 GPA33 BMP7 KIRREL1 CENPU SOX3 NEUROG1 F2R TBL1Y EPHA3 LIPG OR5P2 BMP6 VCL HMGA2 CENPH NEUROG3 CPXM1 NHLH1 LMX1A CCNJ CDK1 EDA2R FKBP10 SERINC2 GSX2 TYRP1 MFAP2 SINHCAF LRATD2 DIO3 FGFBP2 SCUBE3 PROM1 MCM2 MAD2L1 DLGAP5 FGFBP3 REM2 IGSF9 CALHM4 DKK2 KIF2C EPO MAPK15 KIF18A SPSB4 DAZL WNT8B P2RX2 LIN28B SAMD5 TGIF2 IRS1 CDKN2B WLS ZFY DMRT3 PAICS ZIC5 ATOH1 CNN2 IGF2BP2 SDC2 TTK HAUS1 CLDN6 CABS1 SLC7A3 CENPA WNT3A ASB12 TRIM48 FNDC11 DLL3 CDC25C SLC25A6 VEPH1 RMI2 E2F7 SPZ1 HMMR LOC128031834 VAX1 PDLIM7 SNTB1 DMRTA1 GMNC GALP BLACAT1 TNFRSF19 MELK ADAD2 OR5P3 KLHL14 TEAD2 CRABP1 MID1 LHX9 GDF6 MAMDC2 NUAK2 H1-5 MT1B PIMREG HS3ST3B1 ZNF521 KIF11 PRSS33 FEZF1 OTX1 IGF2BP1 RSPO2 ZNF560 H4C13 PBK TMSB15A CSRP2 PRTG KIFC1 TBX10 H2BC17 CDH2 CEMIP2 MSX2 SP5 IL17RD GCNT1 CDCA7
2.9604745,13.189579,Cluster 5,PONS MOUSE,TAAR6 OTT LYG1 KRTAP22-2 LOC624931 LUZP4 KRTAP6-6 KRTAP8-1 KRTAP4-6 KRTAP4-8 CLDN25 TAAR2 KRTAP9-3 KRT72 SPRR2F OLFR16 KRTAP6-3 RBMY MAGEB4 SPRR3 LOC665755 KRTAP3-3 KRTAP3-1 KRTAP6-1 SPINK6 MT4 LOC620639 KRTAP21-1 SPRR4 IL9 LOC620551
5.434608,13.807914,Cluster 5,RED NUCLEUS MOUSE,LOC105242404 BTG4 VMN1R186 AU015228 CPXCR1 DPPA3 BECN2 ALPPL2 TCL1 TRIM60 PRR23A4 KRT84 TERB2 SPAM1 SPESP1 1700016H03RIK FOXI3 4930522H14RIK MBD3L2 BCL2L10 DPPA4 2300002M23RIK LOC100039010 H2-M10.4 NLRP2 TRIM61 LOC665290 AURKC KPNA7 KLF17 SPZ1 LOC100041806 LOC100861655 OOSP1 MAGEA10 VRTN 4933428M09RIK DMRTC1B NLRP14 OOSP3 1700013H16RIK RFPL4B
4.437677,13.680851,Cluster 5,CEREBRAL CORTEX HUMAN,PSCA EVPL PAGE2 MSLN SPO11 HOXD12 KRTAP27-1 CDT1 PTGES CT83 PPP4R3C LAMB3 AP1M2 MAGEB2 MAGEA8 OR5T3 KRTAP6-2 CPXCR1 SERPINB7 HOXD13 ALPI EVPLL BECN2 MAGEA3 GCGR SPADH KRTAP23-1 MARCOL PAGE2B CTAG1A OR10J5 RFPL4A H3C3 SPRR2D H2BC1 OR5H6 KRTAP4-9 ARL14 DEFB106A OR5D13 LOC100653049 KRTAP4-3 GUCA1ANB MNX1 KRT81 PITX3 SSU72P2 MAGEC1 KCNN4 DLX4 OR4A5 KRTAP9-1 APOBEC3B TENT5D ALPP LOC124905412 KRTAP22-2 HOXC13 RHOV TEX28 PPDPFL TFF1 CT47A7 CRISP1 CDSN PRSS41 PRAMEF10 FAM83A MYF5 MUC16 SSTR5 PAGE1 KRTAP25-1 PLEK2 LUZP4 ASB9 MIURF HPDL MAGEA12 PLAC1 KAZALD1 DPPA2 KRTAP4-6 GAGE12G DCAF8L2 CPA4 PLEKHN1 CALHM3 KRTAP13-3 KRTAP13-2 IRX4 MAGEA4 OR8U8 RHOD MAGEA9 GAGE12E TRIP13 CHRNA9 IQCF6 GAGE2A CDA KCNJ18 P3R3URF SERPINB5 CLDN17 DEFB118 TEX19 SLC6A19 OR4C6 CTAG2 MFSD12 KRTAP9-3 HOXC11 MBD3L5 OR13H1 KRTAP29-1 TLE7 OR4C12 KRTAP20-3 XAGE1B SFN GAGE2E OR2Z1 TGIF2LX CSH1 DEFB113 HOXA13 FGF21 KRTAP2-3 SPHK1 MAGEA6 RFPL4AL1 GH2 LOC647264 BPIFB6 OR52M1 PCSK9 MAGEB18 KRTAP4-2 LY6K BARX1 OR2B2 PITX1 MYH13 ZNF280A EPPK1 MOCOS HOXD11 SIX2 OR6C65 CGA TUBA3C MST1R KRTAP15-1 GAGE13 KRT34 TRIM64C OR6C68 RAB17 KCNK5 H3C15 MAGEA11 LOC100996750 ANXA8 SLPI H2BC12L KRTAP19-7 TRIML1 H4C7 DEFB114 KRTAP1-4 OR5H15 OR9G4 OR6K6 CDKN2A TRIM29 PAX9 HS3ST6 RAET1L SSU72P5 KPNA7 NKX2-5 VN1R4 TEX36 GAGE12F KRTAP4-4 KRT17 SLCO1B3-SLCO1B7 B3GNT3 OR10V1 FAM83G SSU72P3 CPS1 PKP3 CST5 KRT16 FAM83H KRTAP20-4 RNF225 MAGEA1 NPR1 KRT80 SCYGR3 DCAF12L1 SPACA4 H4C9 RHOF XAGE2 CST9L RASIP1 ALX1 HOXA11 LOC100533997 ITPR3 PRSS21 OR8K5 KRT8 SBK3 CEACAM18 KLF18 ACTL8 NOTUM S100P CSHL1 HOXC10 H2AC1 H2BC10 PRR23B OR5M11 TBX20 ZCCHC13 MISP MYEOV DBR1 CSAG1 ALDH3A1 AQP2 XAGE1A OR5M3 LOC128071545 KRTAP9-2 CCDC187 KRT7 LOC128031837 MCIDAS
2.1120923,12.617256,Cluster 5,CINGULATE CORTEX HUMAN,DEFB130A DSG4 BPY2C AGXT2 UNC93A OR6S1 LOC124900568 OR52E2 MS4A12 OR4F6 OR8G5 MMP20 OR4M1 POTEA OR10G9 KIR2DS4 S100A7A AKR1C8 LCE1B OR2G3 IL21 DEFB129 OR6C1 SLC17A2 CPXCR1 IL37 OR1S1 ZP4 DEFB115 TCHHL1 CEACAM7 CEACAM20 OR5H6 GKN1 KRTAP4-3 OR8J2 RPS4Y2 HOXA10-HOXA9 WFDC9 OR51T1 PAGE3 DEFB103A LOC124900574 OR2T1 LOC112268354 AFM OPRPN ISX ZNF679 KRT33A OR10X1 OR4A5 CCL11 IZUMO3 TSPY8 TENT5D KRTAP22-2 CPN1 MRGPRX4 SPATA16 GOT1L1 OR6M1 FGF6 OR4B1 OR6C3 OR6T1 LCE1A OR6Q1 UMOD TAF11L8 LALBA OR4A16 TMIGD1 DEFB128 IL36G OR10H3 CCDC42 GPX5 KRTAP22-1 FTMT FAM47B OR9I1 DEFB104B KRTAP1-1 TAF11L3 BSPH1 SCGB2A2 TRIM64 KRTAP2-4 IVL AKAP4 GRXCR2 RBMY1D KRTAP4-8 OR5M10 OR8U8 TSPY3 GAGE12E PRAMEF15 OR5K4 IQCF6 KRTAP19-2 BPIFA1 DEFB126 OR10G2 SEMG1 PRSS58 BPY2B ZNF705B OR4C5 OR5D3P TAF11L13 TPD52L3 KRTAP9-7 SPANXN5 OR4C12 KRT35 OR4C15 LCE7A OR4X1 PDHA2 OR5M9 LCE1E OR4K3 OR4S2 OR10S1 SEMG2 OR4C46 OR7C2 IFNA16 CDY2A TSSK1B KRTAP24-1 DEFB107B OR52M1 IFNL3 FABP9 SPIC DEFB116 HMHB1 KRT32 OR9G9 LCE2D DYTN MYH13 KRTAP6-3 IFNA17 DEFB130B KRT37 UGT1A5 CELA3A KRT38 CST8 OR8K3 OR51G1 PRAMEF11 HTR3D SPANXN2 SERPINB3 MRGPRX2 KRTAP4-7 PRAMEF33 OR2T35 FIGLA CNGA2 OR11H1 OR4L1 CSN1S1 TMEM207 GKN2 OR6K2 SPINT4 NLRP13 RETNLB CST11 SPACA1 RPTN VN1R4 MAGEB6B OR11H12 OR4D11 OR11H6 KRTAP21-3 BPY2 MAGEB16 KRT25 GLYATL3 KRTAP3-3 SLC17A3 OR4N5 OR10Q1 TAF11L6 DEFB127 KIR2DS1 PPP1R3A OR4S1 LEUTX DEFB110 CWH43 SPZ1 DEFB123 KRT28 ZSCAN5C OR5M1 DEFB125 OR5AP2 TGM7 UGT1A3 DEFB106B KRTAP4-11 OR8I2 OR10H4 OR5T1 OR7A10 TAS2R16 OR4A47 TMEM202 KRT36 GIMD1 ACTL9 CLRN2 SPRR2E IL36B BPIFB4 PRG3 SCGB1D1 LYZL1 OR7G1 OR8U3 OR2Y1 SCGB1D4 SPANXN1 OR6N2 OR4C13 OR5M8 OR8K1 OR11H2 OR4K15 OR5D16 LCE3C OOSP2 OR4X2 OR5L2 OR51A7 PNLIPRP3 OR4F5 SLC17A1
5.2336707,14.928439,Cluster 5,THALAMUS HUMAN,SLC35D3 UNC93A RTP2 AADACL4 CDX4 FOXA2 CAPN6 PPP4R3C TBC1D21 LACRT POM121L12 LOC112267881 FGB FAM90A16 SLC17A6 LCE1B RNASE9 TRIM10 KIR2DL5A LAD1 DEFB132 WNT2 SPADH OR5B3 UGT3A2 SERPINA12 FOXN1 OR10J5 LCE2A LELP1 PTPN3 OR10T2 KRTAP4-9 LCE3E OTOP2 HAND1 CACNG6 GUCA1ANB SMPX TAFA4 KRTAP19-6 OR4C45 FOXA1 FAM90A17 ALAS2 GHRH GOLGA6L1 KRT1 OPN1MW HOXA1 LARGE2 LCE2C APOC3 PRAMEF22 TEX28 AADAC CYP2S1 NUTF2P4 PRAMEF10 NPVF KRTAP9-8 SCYGR8 TFF3 KRTAP19-5 KRTAP25-1 LYZL6 KRT78 TEX13A GCG OR51G2 CST9 AVP LRRC30 SHH LOC128125817 LOC102723713 LY6L KRTAP4-6 LYZL2 TDGF1 SMR3A KRTAP2-4 IVL UGT2A3 AHSG TAF11L10 SPRR5 ADAD1 ACTRT2 OR10G2 SLC6A19 NOBOX OR4C6 OR4C5 KRTAP9-3 CYP19A1 KRT79 LCE1D KRTAP29-1 HMGCS2 TLE7 KRT35 OR8U9 TEX51 LIN28A FOXA3 DEFB107A TAF11L5 UBL4B SERPINA7 APOA1 GH2 DUSP21 LCE1E OR4K3 OR4K5 BPIFB6 OR10P1 FDCSP RNF186 KRTAP17-1 KRTAP4-2 DPEP1 MB MYF6 LCE2D HTR7 PRAMEF5 SLC2A7 KIR2DS5 KRT38 GSTA2 PNLIPRP2 OR51S1 KRTAP15-1 APOA2 BLM MAGEB4 DEFB104A HEPACAM2 SIX6 HDC DAZ1 SCYGR7 OR52R1 APOA4 HNRNPCL3 BPIFB3 KRT4 OR4L1 OXGR1 KRT27 KRTAP20-1 OR9G4 DEFB1 DEFB4A VGLL2 OR6K6 HOXB1 ESRP1 NKX2-1 VGLL1 UGT1A4 RNASE12 DSTNP4 KRTAP4-4 OR5B17 PMCH LCE4A KRT77 MYL2 IL1F10 CLDN6 EPB42 HES3 GPR50 APOBEC1 OR4S1 KRTAP19-4 TAAR9 LOC128031834 MRGPRG OR4C3 SLC35G4 OTP FGA OPN1MW2 ITLN1 CST9L OR10H2 LCE2B CASQ2 OXT CALML5 VRTN OR5AL1 DAZ4 NKX2-6 FTHL17 OR51F1 CHRNA2 SLC13A2 CEACAM18 ITIH6 SUN5 CABP2 KRTAP9-4 CMTM8 LCE1F AFP RGS16 FBLP1 FGG SERPINA6 CSHL1 KRTAP19-3 SUPT20HL1 PRR23B OBP2B PNMA6E OBP2A KRT76 ZCCHC13 KRTAP20-2 ZSCAN10 VCX2 OR4K15 DEFB103B ALB HCRT OR51F2 TNFSF13B AQP2 KRTAP9-2 PGLYRP4 PRR30 NTNG1 OR51A7 SPRR2B ISL1 POU5F1
3.0361915,21.388607,Cluster 5,MEDIAL GENICULATE NUCLEUS MOUSE,SAPCD2 CDC6 CDO1 DEPDC1A NKX2-2 CHST5 CHADL PKD1L1 CDCA2 PROL1 OLIG1 FAM181A RHBG CHST7 GDPD2 SPATA22 TCFL5 PTPRZ1 CCDC178 2610042L04RIK ADORA2B FOXB1 SPATA25 ST8SIA2 FAM83D MARCKSL1 CKAP2 GBX2 RNASE10 TAFA4 CCNA2 PP2D1 SPC25 INAVA 4930465I24RIK FOS SERPINE2 SP6 PLA2G3 TNC FAM166A XKR5 FZD9 1700113H08RIK IRX5 GTSE1 TUBA1C ABHD1 PTN CYP26A1 PIF1 PRSS35 GP6 ETV4 ADAM2 ACOT1 VASH2 DEPDC1B UPK3A KRTAP7-1 PMEL PLAC1 AURKB TESMIN RHBDF1 NRG4 4930402K13RIK SH2D7 RASSF10 EME1 DBX1 LRR1 PLPP4 LMCD1 PRM1 ACP4 HAS2 DDX43 PLK1 MXD3 C2CD4B B3GNT7 ROR2 CDC20 SLC27A6 SMIM27 GPX7 PLPPR1 C1QL1 SOX3 HES1 CDKN2C TRAF4 CENPH VPREB2 CDK1 MYH13 RARRES1 MPZL1 GRTP1 RBPJL GSX2 FMO4 RRM2 C2CD4A SRPX ARHGEF39 RAB17 CCNB1 WDR38 CDCA8 EDARADD KDF1 CCNB2 TEDC1 KIF2C SKA3 AGR3 P2RX2 PHF19 ANGPTL4 CRABP2 CASP7 HES5 OLIG2 MKRN3 TTK DPYSL3 CKAP2L KIF18B RNF180 TCF7L2 PTH2R PXDC1 SKA1 DLL3 TMPRSS3 ATP6V1E2 FAM181B CDC25C DUSP9 BRICD5 EMID1 MATN4 NRM DMRTA1 PLAT SLC22A3 MELK TMEM54 FABP7 MAMDC2 GPR20 PIMREG WFDC12 H2AC1 TSPAN6 COL9A1 PBK TACC3 TMEM255B GSX1 MIS18BP1 TROAP S100A3 SPRY1 RLBP1 HAPLN3
3.220311,22.908226,Cluster 5,STRIATUM HUMAN,FCGR2A MYC TSFM FIBIN FOXA2 OLFM4 EXO1 SP8 GJB2 HOXD13 TMPRSS15 ADAMTS15 GCGR MAGEA3 RPL10L FERD3L TBX1 DLX2 UBE2C HOXD9 MCM10 CYP2W1 DAZ3 LOC127933115 BIRC5 ST8SIA2 TEKT2 CRYBA2 PRDM13 MNX1 CDK4 OTOR COL4A6 HOXA10-HOXA9 TLX1 PITX3 EFNB3 SCGB1A1 DSC3 CELSR1 FOXA1 SULF1 LOC128031835 HOXD10 EGR2 UBD CRISPLD1 TNNT3 PRAME TSPAN31 GLI1 SLIT1 EN1 LOC128031832 CBX2 HMX3 HAND2 TFF3 TRABD2B NTN1 KIF4A OLIG3 CDKN3 BRS3 KRT13 DTHD1 SHH DDX1 MAGEA2 AURKB FOXN4 NES NEUROG2 TSPAN11 RASSF10 ITIH5 MARS1 POTEF C9 MLN CLDN22 HBG1 HAS2 DTL TOP2A LMX1B FGF19 MEST WNT9A CDC20 NKX2-3 NKX6-1 HOXA13 SOX3 F2R MAGEA6 EEF1AKMT4 SPON1 DCX FEV RAB1C NHLH1 CDK1 PITX2 MYBL2 GSX2 HOXD11 METTL1 PDPN DLX1 DLX5 TGM3 OR4N2 CCNB1 TRIM49 DAZ1 MCM2 SIX6 EEF1AKMT3 MAD2L1 MAGEA11 FGFBP3 IGSF9 MFNG MEOX2 CPZ SOX4 KIF2C HELT NKX2-1 NKX2-5 INSM1 KRT17 HOXA10 SULF2 KIF20A GPR50 PRDM12 NPW CEACAM6 POTEJ HMX2 OTP HOXA9 DAZ2 ZNF474 TSPAN12 SOX1 DAZ4 MELK GATA3 HOXA11 SOX11 ZWINT MAGEA2B CMTM8 CDC45 ACTL8 PIMREG BCHE MSTN EFCC1 PBK ADAMTSL1 GSX1 HCRT KIFC1 WFIKKN2 TROAP ATF5 BMP1 CCDC169-SOHLH2 TRIM49C CDCA7
3.089268,22.347956,Cluster 5,BASAL GANGLIA MOUSE,SGO1 H4C2 CDC6 H3C8 LMNB1 INCENP MACROH2A2 H2BC8 H2BC13 MEX3A CDCA2 FMR1NB CD5L H4C3 FAT4 TSPAN18 H2AC6 DLX2 CENPF H3C3 H2BC1 H4C1 NUSAP1 H1F1 ST8SIA2 H4C14 H2AC20 CCNB1IP1 CKAP2 CCNA2 NCAPD2 SPC25 CELSR1 SAMD3 NCAPG H2BC18 H4C6 TICRR ERCC6L JPT2 LHX8 SLCO5A1 H2AC11 H2AC15 ADAMTS7 GTSE1 CBX2 PIF1 PRR11 H3C11 H3C13 KIF15 4933404I11RIK 4921515L22RIK 4930516B21RIK PHF21B H2BC9 PRC1 NES CPA4 2610318N02RIK NEUROG2 MCM3 H2BC12 H3C10 CDCA3 DBX1 KIF4 TRIP13 ADAD1 H3C4 H2BC6 BUB1 KIF20B NCAPH GPC2 UHRF1 PLK1 TOP2A PET117 H3C6 1700101I19RIK KNL1 POLE H4C11 NKX2-3 ASPM NASP H2BC11 VANGL2 TFAP2C EPHA3 NEUROG1 FBXO5 ZFP41 H2BC3 H2AC12 KNSTRN KNTC1 DCX H1F3 HMGA2 H1F4 NHLH1 H3C2 GSX2 CHAF1A DIO3 3110040M04RIK RRM2 WDR38 B3GNT5 DLGAP5 ADGRV1 H3C15 H2AC13 VCAN CCNB2 CLSPN SOX4 KIF2C 4930519A11RIK CENPE WNT8B HELT H2BC7 TPX2 EOMES H1F5 DMRT3 NKX2-1 SETBP1 TGM1 DDIAS MCM5 H2AC8 TTK ECT2 CKAP2L KIF18B H2BC15 ASCL1 WNT3A PRDM12 SKA1 2810408A11RIK 4933439N14RIK AUNIP CDCA7 EZH2 BUB1B H4C4 EDAR FOXM1 E2F8 APELA SOX11 MELK DCC USP44 H2AC21 TEAD2 ARHGAP11A SOX12 H2AC4 SP9 SPDL1 PIMREG GBX1 CEP55 H3C1 KIF11 H3C7 H2AC7 IGF2BP1 FEZF1 SNCAIP H4C8 MSMP PTX3 KIFC1 MKI67 H2AC18 TROAP DRAXIN USP9Y COL22A1 CSF3 H2BC14
4.7614207,15.128592,Cluster 5,HYPOTHALAMUS HUMAN,UNC93A RBMY1J OR4K14 RTP2 KRTAP27-1 AADACL4 CDX4 PPP4R3C TBC1D21 LACRT POM121L12 OR4D6 FGB FAM90A16 LCE1B RNASE9 KIR2DL5A DEFB132 SPADH OR5B3 LCE1C SERPINA12 KRTAP23-1 OR10J5 FOXN1 LCE2A LELP1 OR10T2 KRTAP4-9 LCE3E OTOP2 HAND1 GUCA1ANB KRTAP4-3 OR5D13 OR5D14 KRTAP19-6 OR4C16 APCS OR4C45 FAM90A17 GHRH OR5AR1 OPN1MW LCE2C APOC3 PRAMEF22 KRTAP9-1 TEX28 OR5L1 CT47A7 AADAC NUTF2P4 PRAMEF10 NPVF KRTAP9-8 SCYGR8 KRTAP25-1 KRTAP19-5 LYZL6 KRT78 TEX13A GCG OR51G2 CST9 AVP LRRC30 KRTAP4-6 LYZL2 SMR3A KRTAP2-4 IVL SCYGR2 KRTAP13-3 KRTAP13-2 OR2T34 SCYGR6 OR5M10 UGT2A3 AHSG SPRR5 ADAD1 ACTRT2 OR10G2 KRTAP19-2 CLDN17 IL36A OR8J1 NOBOX OR4C6 OR4C5 LOC102725023 KRTAP9-3 PRAMEF25 KRTAP9-7 LCE1D KRTAP29-1 TLE7 KRTAP20-3 OR8U9 TEX51 KRT35 FOXA3 DEFB107A DEFB113 SERPINA7 OR5I1 LCE7A GH2 PDHA2 DUSP21 LCE1E OR4K3 OR4K5 BPIFB6 OR10P1 FOXL3 FDCSP OR7G3 RNF186 MAGEB18 KRTAP17-1 KRTAP4-2 MB LCE2D OR6C76 PRAMEF5 KRTAP6-3 OR6C65 KIR2DS5 KRT38 SLC2A7 GSTA2 OR51S1 KRTAP15-1 APOA2 MAGEB4 DEFB104A HEPACAM2 SIX6 HDC SCYGR7 OR52R1 RNASE11 LOC100996750 MAS1L APOA4 HNRNPCL3 BPIFB3 TRIML1 OR4L1 KRT27 KRTAP1-4 KRTAP20-1 OR9G4 OR6K6 DEFB4A OR6K2 HOXB1 VGLL1 RNASE12 UGT1A4 LCE6A MAGEB6B KRTAP4-4 OR5B17 LCE4A PMCH CT47A4 KRT77 IL1F10 KRTAP3-3 MYL2 CST5 APOBEC1 HES3 GPR50 OR4S1 CAPZA3 OR4K1 KRTAP4-5 KRTAP19-4 TAAR9 KRT28 LOC128031834 MRGPRG OR4C3 SLC35G4 FGA KRTAP6-1 OPN1MW2 DEFB121 CST9L OR10H2 LCE2B OR5AL1 OXT CALML5 IL17A GSTA5 KRTAP4-11 NKX2-6 FTHL17 OR51F1 OR8K5 LCE3A SPRR4 LCE1F CEACAM18 SUN5 KRTAP9-4 IL22RA2 AFP TSPY9 OR7G1 FBLP1 FGG SERPINA6 CSHL1 KRTAP19-3 PRR23B OBP2B CSN2 OR5M11 OBP2A KRT76 KRTAP20-2 ZCCHC13 ZSCAN10 VCX2 OR4K15 DEFB103B ALB HCRT OR51F2 KRTAP9-2 PGLYRP4 PRR30 OR51A7 SPRR2B LOC107986375 POU5F1
4.998729,-3.5747814,Cluster 6,NUCLEUS OF THE SOLITARY TRACT MOUSE,HOXC4 PCDHA4B HOXA6 HOXB4 DEFB3 MCUB TREX2 PTGER2 DOCK10 HOXD4 4930517L18RIK NMU DBH FOXB2 HOXA5 M1AP NPFFR2 HOXA1 SLC22A14 4930434F21RIK OMP HOXB7 TM4SF4 CNGB1 GCG TAAR1 LRRC14B MAB21L2 PRLH PRODH2 QRFPR FBP2 PHOX2A FSIP2 HOXD3 PFN3 GFRAL HOXB6 POU6F2 RBMY PHOX2B HOXA2 NPY4R HOXA3 PLA2G2C AADAT TMEM235 NPFF PRRXL1 GPR143 FNDC11 HOXB5 HOXB2 HSD11B2 LRRIQ4 BPIFB1 MYMK HOXC5 LCE3A HOXA4 ERFL EVX1 TLX3 FAM71A PROK1 HOXB3 MEIKIN GAL
6.8945613,-7.9355783,Cluster 6,PURKINJE CELL LAYER MOUSE,1700120C18RIK FAM240B PROL1 2310044K18RIK PMS1 OTT SCNN1G 4930555O08RIK LRRC69 IFNA1 MAGEB5 VWDE VMN1R187 H2AB1 1700014F14RIK IL22 4930579O11RIK CCDC179 LOC102634529 TEX36 4632404M16RIK HES3 TMPRSS3 1700080C20RIK MAGEA1 KRT28 WDR49 LOC100861655 4930516K23RIK ACTRT1 1700093P08RIK ARHGEF33 PCP2 1700048P04RIK 1700036O09RIK ACTBL2 SCNN1B
4.258671,-2.0526705,Cluster 6,OCCIPITAL LOBE MOUSE,IFNL2 KRT40 4930433E05RIK CALHM1 AADACL4 H2AB3 4930522N08RIK VTCN1 ACTL7A 2900092C05RIK 4930458K08RIK AW822073 1700119I11RIK TAS1R2 4930402C01RIK SPINT3 LYZL6 KRTAP5-1 LRRC69 OC90 BC049739 LY6L KRTAP2-4 1700007H22RIK FPR3 4930488N24RIK IL3 CLDN17 NOX3 1700064H15RIK 1700069B07RIK CDCP2 4933412E24RIK 4930415C11RIK 4930477E14RIK KRTAP1-3 KRTAP5-5 KRT39 RNASE11 KRTAP4-7 1700008B11RIK MRGPRX2 2210020O09RIK KRTAP1-4 PRN IL17C 4930573I07RIK KLK15 1700037C06RIK PAX4 TAAR5 SPACA4 LDLRAD1 4931413I07RIK 4930431L21RIK GK2 4933435G04RIK NAT3 1700015C17RIK CYP11B2 LCE3C FAM187A 4933421I07RIK CRCT1 1190001M18RIK KRTAP26-1 CLDN24
6.1480927,-6.7690263,Cluster 6,INFERIOR OLIVE MOUSE,HOXC4 IL16 HOXA6 HOXB4 KCNE2 SLC4A5 FAM227B VWA7 GPRC5C DYNAP FAM240B KL CNPY1 ST18 TRMT9B GLRA1 SLC25A41 PNPLA1 BPIFB2 BARHL2 POU4F2 MRGPRF CDH15 2310044K18RIK HOXD4 NRK SCNN1G 1700019A02RIK SOST TSSK5 MEGF11 SLC6A5 SYT2 SMPX TMEM190 GRM4 GALNT15 TLX1 HOXA5 PAX2 FBXO40 NDST3 EVX2 HOXA1 HOXB8 GRID2 NPSR1 SASS6 EN2 HOXB7 SKOR1 BCL2L15 TRIM62 CBLN3 SKOR2 IQCB1 PDE5A XKR7 INPP5A SHISA8 TRPC3 IL20RB TLDC2 TDGF1 MAB21L2 PRLH VWDE STEAP2 NKX6-3 RNF152 HOXD3 AQP6 EPN3 DAO 4930527E20RIK SERPINB2 PLEKHD1 KLHDC7B 1700069B07RIK CORIN DMBX1 NR0B2 AA672651 NT5C1B ETV1 IL22 ATP2A3 FOXD3 TMEM200B GFRAL HOXB6 SLC5A1 GPR63 SLC9A3 RGS8 LINGO4 PHOX2B ZIC2 TFAP2B HOXA2 NPY4R PATJ KCNC3 HOMER3 F5 HOXA3 FGF7 GRID2IP CEP76 EMILIN3 SHISA6 TMEM235 CD70 ASIC5 GPR15 RGL3 GDF10 MYBPC3 ZIC5 NKX1-1 GABRA6 TEX36 KRT25 GLYATL3 PKP3 HES3 BMP8A TMPRSS3 LTBP2 TMEM266 CRTAM HOXB5 MFRP HOXB2 LBX1 BARHL1 LDOC1 2900072N19RIK MDFI CASQ2 KCNK15 SLC1A6 KANK2 SYCP1 PPP1R17 SVEP1 HOXC5 ANK1 ABCC12 ARHGEF33 ADAMTS18 GDF7 PCP2 HOXA4 CABP2 HOXD1 DIPK2A EVX1 TEAD4 EXPH5 KCNJ12 TRPM8 TLX3 FAT2 ZIC1 UTS2B GDPD3 ZSCAN10 OLFM3 BMP5 HOXB3 PROK1 TGM5 RAG1 SPTSSB KIT NEUROD1 CHN2 CBLN1 MSX2 SLC5A11 ACTBL2 MOB3B NREP APLNR
5.876128,-3.4935896,Cluster 6,DORSAL MOTOR NUCLEUS OF VAGUS MOUSE,HOXC4 BNIPL HOXA6 CCN6 SLC4A5 VWA7 GLRA1 4930555G01RIK LY6G6F TMPRSS12 KRTAP5-2 SYCP2L HOXD13 2310044K18RIK HOXD4 TMIGD3 MROH6 SLC6A5 PABPN1L FSHB DBH TLX1 HOXA5 ACSM5 POMC PAX2 SMIM9 FBXO40 EVX2 HOXA1 TMPRSS5 HOXB8 CBLIF NPS SYCE1L CBLN3 TSPAN10 PLAC8L1 GALR2 4930555O08RIK GUCY2D SDS MYBPHL GNRHR SPMIP3 TMEM211 TMEM249 FNDC8 IRX4 FAM71B BC061237 CCDC105 NKX6-3 GH CAPN13 HOXD3 AQP6 DAO 4930527E20RIK TAS1R1 VSX2 1700020A23RIK 2210022D18RIK FAM170B SLC27A6 KRTAP5-4 AHNAK2 RUBCNL SEPTIN12 FOXL3 1700049E17RIK2 HOXB6 FEV 4930579M01RIK EFCAB9 4930562C15RIK LINGO4 PHOX2B PRKAG3 HOXA2 NPY4R TBX19 TINCR PAX7 GJB4 HOXA3 SEC31B 4933411K16RIK BANF2 GHRHR TMEM235 SLC22A13 ASIC5 GPR15 HEPHL1 PSORS1C2 NKX1-1 GABRA6 CCDC185 HSD17B1 CCDC182 GPR143 TGM4 TEX48 GRIFIN CRTAM HOXB5 LYPD3 HOXB2 LBX1 1700001J03RIK TPH2 RLN3 ARL13A ANKRD60 KCNK15 SMIM38 IL20 HOXC5 SLC6A2 HOXA4 HOXD1 EVX1 ERFL ACAN SLC6A4 1700058P15RIK OBP2B 1700001F09RIK GM33049 KLK10 FAT2 FSHR CDH23 TMEM210 KCNMB3 HOXB3 FOXD4 PROK1 TBX10 MYO3A GPR152 4930466I24RIK
5.515499,-7.0992274,Cluster 6,DEEP CEREBELLAR NUCLEI MOUSE,1700120C18RIK IL16 VWA7 KRTAP27-1 BIRC7 CNPY1 ST18 LY6G6F HOXD13 MRGPRF 2310044K18RIK CDH15 NRK CSTL1 TSSK5 SLC6A5 BSND ESRRB FBXO40 GDPD4 EVX2 TMPRSS5 SERPINE3 4933430I17RIK EN2 NPS BCL2L15 SLC34A3 CBLN3 SKOR2 IRF4 IL20RB TLDC2 TDGF1 LRRC14B PKD2L1 HSD17B14 MRLN STEAP2 AQP6 DAO KLHDC7B POU2AF1 PLAGL2 LGSN GM33887 RNF186 SMTNL1 ESRRG HOMER3 MARVELD2 PTPN22 GRID2IP LPO GPHB5 EMILIN3 SHISA6 PAX5 RGL3 FGF18 GABRA6 KRT25 DNAJB8 HES3 TEX48 LTBP2 CRTAM COLQ TGM7 SMIM38 PPP1R17 SVEP1 SYCP1 ADM2 SPATA45 ABCC12 ARHGEF33 PCP2 CABP2 TEAD4 EXPH5 1700015C17RIK KCNG4 FAT2 AGTR2 ZSCAN10 TGM5 RAG1 CHN2 NEUROD1 CBLN1
7.0577865,-3.4980898,Cluster 6,DORSAL RAPHE NUCLEUS MOUSE,OAS2 FAM151A TBATA OAS3 FOXA2 1700012C08RIK FANCD2OS STAT1 FOXE3 IFRD1 OASL1 LRRC43 F3 FERD3L TNIP3 IL23A CRYBA2 IRF7 TMEM262 UNC5CL PTPRC LTA UBD 4930551I23RIK TBKBP1 ACOD1 RSAD2 GBP7 DNAH14 SPCS2 C1RL PLAC8 MLANA H2-T22 MSGN1 SLC17A8 HMX3 CSL SNX22 ADAM2 GPR33 TSPAN10 DDX58 DTHD1 CCDC175 GLT6D2 SEC61A1 KLRC2 TNFSF10 MATN1 IQCA SLC18A2 IRX4 ARMH1 CFAP107 NMI EPSTI1 TEKT3 CD300E GCHFR SLC39A8 2210022D18RIK CD8B1 KLK7 KLRK1 2610028H24RIK CTSC PABPC1L2A OTULINL FOXL3 FEV TTC29 FLACC1 NME7 DEGS2 GRTP1 TMEM35B CDHR3 C1QL4 SPATA18 IL1RN LYG2 GFM2 TREML2 MC1R DYNLT5 PGAP2 PAX5 TESPA1 DPY19L2 SIGLEC15 SLC26A5 NKX1-1 FFAR2 CXCL9 RNASE6 UCN BDKRB1 RAD9B SLAMF7 NPW ZBP1 SLC35G3 ERDR1X TNFSF15 TPH2 ULK4 RLN3 TAPBPL SLC22A3 GALP KATNIP ST3GAL6 GATA3 CCDC24 PDCD1LG2 PDZD9 OLAH PRF1 SLC6A4 WFDC12 RAB13 FAM187B TRIM42 IQCK RTP4 FOXD4 GBP3 GZMB H2-Q7 DAW1
4.672564,-2.6402683,Cluster 6,MEDULLA OBLONGATA MOUSE,4930551L18RIK HOXC4 SCML1 HOXA6 HOXB4 FAM227B IFNK 4930555G01RIK KRTAP5-2 TTN HUS1B SYCP2L 2310002L09RIK HOXD4 4930522N08RIK H2AL3 SLC6A5 NPN2 TLX1 4930458K08RIK HOXA5 BGLAP HOXB8 MYH1 KRTAP28-10 MYLK2 ATP4B HOXB7 KRTAP1-5 4930465K09RIK 4930527B05RIK TAAR1 KRTAP4-6 BC061237 ATP1B4 HOXD3 NKX6-3 4930527E20RIK TEX22 RXFP4 HOXD8 5031410I06RIK GFRAL HOXB6 1700049E17RIK2 4930579O11RIK 4930579M01RIK KRTAP1-3 KRT71 SMTNL1 HOXA2 KRT34 NPY4R KRTAP5-5 HOXA3 FIGLA 2210020O09RIK KRTAP1-4 TMEM235 4933431M02RIK H2AP GPR15 1700120O09RIK NKX1-1 ASB12 TEX48 PPP1R3A MAGEB1 HOXB5 HOXB2 LBX1 4930556J24RIK NEB MYH2 ARL13A IL20 A1BG CYLC1 HOXC5 PRB1 HOXA4 4921513I08RIK HOXD1 MEPE EVX1 H2AC1 1700015C17RIK 4930544D05RIK IQCF3 PROK1 HOXB3 LKAAEAR1 KRTAP5-3 USP9Y 4930466I24RIK
6.083681,-7.6851387,Cluster 6,CEREBELLAR CORTEX MOUSE,SLC46A2 4930553M12RIK BNIPL 1700120C18RIK IL16 TSGA13 GPRC5C MMP20 RNF148 FAM240B P2RY10 CNPY1 DPF3 CCDC163 BARHL2 CERKL BPIFB2 DOCK10 MRGPRF 2310044K18RIK CDH15 TCHHL1 TBX15 NRK 1700019A02RIK MMP13 TSSK5 SCNN1G SPRR2D MPP4 PABPN1L PRSS1 ATOH7 SMPX PRDM13 BLK CFC1 GPR142 MMP3 FCMR ADAMTS14 UNCX IL19 DUSP23 LOXL2 NTF3 EN2 SKOR1 MYF5 BCL2L15 CBLN3 4930488N15RIK CXCL5 SKOR2 COMP CEMIP XKR7 4930570N18RIK RNF133 MMP10 SHISA8 IL20RB TLDC2 PAX6 PLEKHG4 MSMB VWDE MRLN AQP6 PTF1A P3R3URF CD79A KLHDC7B ADCY10 1700101I19RIK SCGB3A2 NR0B2 PET100 IL22 CRISP3 4930473D10RIK TFAP2A SPEM1 PCSK9 TMEM108 SLC5A1 C030013E06RIK NHLH1 EDA2R TINCR HOMER3 PTPN22 FGF7 GRID2IP CCDC179 EMILIN3 2010109A12RIK CPZ OTOL1 CD70 PRSS27 RGL3 PKIB KRT24 GDF10 MYBPC3 SFTPD ZIC5 GABRA6 TEX36 ATOH1 MYOD1 KRT25 4632404M16RIK GLYATL3 A3GALT2 SAPCD1 TAAR5 WFIKKN1 HES3 CNFN LTBP2 TMPRSS3 OLFR1 CRTAM KRT28 BARHL1 BMP1 LDOC1 SYVN1 SMIM38 SLC1A6 PPP1R17 SYCP1 SVEP1 ADM2 4933402J07RIK ANKRD53 ABCC12 SPINK14 ADAMTS18 ARHGEF33 PCP2 CABP2 SPRR2G TEAD4 1700058P15RIK EXPH5 SCP2D1 TLX3 FAT2 FCRLA ZIC1 ZSCAN10 TGM5 RAG1 CLCN1 NEUROD1 MRGPRD CHN2 MSX2 CBLN1 ACTBL2 NREP LOX STAP2
4.6115594,-1.4266412,Cluster 6,INFERIOR COLLICULUS MOUSE,POU4F3 4930551L18RIK EZHIP ANKRD40CL SCML1 4930408O17RIK H2AB3 4930469B13RIK KRTAP5-2 4930478M13RIK TREX2 POU4F2 4930522N08RIK BNC2 PSAPL1 ACTL7A H2AL3 PROP1 LGALS7 4930448A20RIK NPN2 4930583I09RIK 4933439J24RIK TMEM270 1700120G11RIK 1700119I11RIK RNF212 EVX2 4930512P04RIK EN1 4933413C19RIK 9530034A14RIK PRSS48 4930488N15RIK TEX13A 4932414N04RIK 1700015H07RIK CXCL17 SPINK7 TEX44 4930527B05RIK PRSS37 GPR87 KRTAP10-10 MYOCOS 4930564C03RIK PTF1A 1700020A23RIK RXFP4 KRT35 KRTAP5-4 4930415C11RIK 4933405O20RIK PLA2G2F 4930445B16RIK 4930587A21RIK 4930579O11RIK 4930579M01RIK HEATR9 PAX7 3110040M04RIK 1700128I11RIK 1700071K01RIK 0710001A04RIK 4833405L11RIK 4930544I03RIK 2210020O09RIK CHRND TMEM235 1700085D07RIK 1700120O09RIK 4933435E02RIK 5330411O13RIK 4930556J24RIK CSNKA2IP BARHL1 ARL13A TGM7 SLFNL1 KCNK15 APOBEC4 4921513I08RIK KRTAP12-1 1700015C17RIK 4930544D05RIK H2-M10.2 ERAS LKAAEAR1 4933406B15RIK 1700013M08RIK TFAP2D 4930466I24RIK FOXH1 5031410I06RIK
12.920779,21.375057,Cluster 7,PUTAMEN MOUSE,RGS20 PRDX6 2810459M11RIK SPATA3 UPP1 SLC9A3R1 ADORA2A METTL11B BIRC7 SERPINA9 CCER1 GPX6 IDO1 GGT6 DBX2 PPP1R3G GP2 MYOM3 BSPH1 STRIT1 NAT1 TMEM89 ZFYVE21 MT1 LRRC10B THRSP GPR6 KRTAP10-10 GPR88 EPO TRIM29 GSTM1 SH3RF2 PRSS56 CD4 TGM1 FFAR3 RPE65
1.2667819,11.924451,Cluster 7,HABENULA HUMAN,DGAT2L6 BPY2C MRGPRX1 SCYGR5 TAF11L4 OR52N2 LOC124900568 PCBP3 OR5D18 OR8B12 RHOXF2B OR4D6 EPHA8 LIPM DEFB129 PPIAL4E CFHR3 SPTA1 C1QTNF9B HCN4 COL16A1 USP17L3 OR7E24 TCHH CGN CACNA1G FAM47C F11 TEX37 PPP3R2 OR14A2 CBY3 DEFB106A OR52B6 KIR3DL3 PSMB11 CCDC70 LOC124905408 USP17L8 TMEM247 HOXA10-HOXA9 CROCC OR51T1 OR52E8 LOC112268354 OR1L3 ISX VN1R2 KRTAP21-2 HTR3C DEFA6 CATSPER4 MINAR1 OR4M2 PRAMEF13 ZC2HC1B NPSR1 OR2A2 OR8B2 GRIK1 OR1A2 LOC127898562 OR6T1 CCDC61 PRSS41 MSGN1 OR6Q1 PLA2G2E CCR8 SPDYC SPINT3 PGK2 KRTAP19-5 LYZL6 GPR33 MMEL1 OR12D3 OR10R2 FTMT COL7A1 OR2H1 OR2J1 CARMIL3 SHISA8 DEFB104B OR1K1 UBE2NL MT1HL1 MAGEB5 KRTAP8-1 BSPH1 OR13F1 MFSD6L IQCF2 OR6X1 SSU72P4 OR52L1 HMCN2 GAST AMIGO3 FAM9A LOC122394732 USP17L21 TSPY3 CLDN25 BTN1A1 NKX2-4 GAB4 IL36A FAM25G SPACA5B TEX52 BPY2B SPANXN3 MS4A18 HLA-DQB3 OR11L1 SLC5A8 GOLGA6A PKNOX2 PGLYRP3 AWAT1 USP17L12 DMBX1 LCE7A OR14K1 ENTPD8 GPRC5D PLA2G2F OR1L1 OR2B3 OR10P1 TSSK1B CBLL2 FCN2 BPIFB6 OR1D5 RGPD4 FABP9 TEX33 OR10A7 FAM236A SOX14 DEFB131A OR4A15 GALNT14 GPR148 KRTAP1-3 MLNR ASCL3 NPY4R2 CHRM2 KIR2DL5B KRTAP5-11 CIB4 OR51S1 APOA5 NCR2 OR2W1 BANF2 GPHB5 USP17L10 OR14A16 PDX1 HRURF TSPY10 IFNA7 GGTLC1 USP17L13 LOC124905409 OR8B4 LCE6A OR12D1 SERPINA4 CT47A4 BPY2 OR10Q1 OPN5 BTBD11 DEFB127 GRIFIN OVCH2 MROH2A LOC124905410 CDY1B GTSF1L AMY1B RBMY1F USP17L5 ANP32D TMEM72 ASCL5 DEFB125 LOC124905411 OPTC OR2M7 OR6F1 OR1R1P OR10A5 OR4C11 TGM7 SSX2B SERPINA9 MT4 IRGC GATA3 FAM90A26 OR6V1 SLC13A2 KRTAP4-1 VPREB1 SPRR4 LCE1F SPRR2G FAM170A GAS8 MTNR1B TGIF2LY ADGRF1 TSPY9 LOC124903619 KCNAB3 SLC6A18 SCP2D1 OR5BS1P CALML3 KLHL40 ASIC4 FAM90A3P OR5C1 GPR32 MAGEB3 SSU72P8 TMEM210 OR1L4 HOXC12 AWAT2 CRCT1 OR1L6 NT5C1B-RDH14 GRIP2 KRTAP26-1 SPRR2B RIMBP3C LOC102724971 OR10C1 TCF21
0.24044688,11.633665,Cluster 7,DORSAL RAPHE NUCLEUS HUMAN,SLC46A2 NKX2-8 TRPV5 OR52N2 CPA2 SLURP1 LOC128125818 MUC22 CHADL SCGB1C2 SMIM5 OR13G1 TNFRSF13B INSRR MYO7B CFHR3 ARID3C OR5AK2 TMEM139 C1QTNF9B LLCFC1 S100G COL16A1 USP17L3 CGN ARHGEF1 IQCN OVOL3 TMEM89 AATK OR14A2 CBY3 CROCC BLK USP17L8 TAS2R39 HTR3E SLC25A29 FOXB2 CCDC154 HIP1R GPR142 FAM246B EBLN1 OR1L3 VN1R2 GPR182 FSCB MYO18A SPTBN5 PHLDB1 HTR3C FAM90A10 CLASRP LOC102723502 OR4M2 TSPY8 NPSR1 OR2A2 ANKRD23 GRIK1 DNMT3L TEKT4 LOC127898562 CCDC61 SCYGR8 CCR8 TOMT SPDYC SLC34A3 CEP295NL SLC26A1 SLC4A9 TEX13A GOLGA6L24P SHISA8 OR1K1 KLK8 MT1HL1 OR13F1 ARF1P2 OR5J2 TRIM64 OR52I1 OR13D1 KRTAP13-2 LOC124906938 COL11A2 FNDC8 HMCN2 OR13C8 JAKMIP3 AMIGO3 PPP1R14D LOC122394732 USP17L21 PIP KDM4E CERCAM HOXD3 EDDM3A COL18A1 OR6B2 GAB4 PRPS1L1 FAM25G ARHGEF16 FAM24A ARSI TMEM225 PACS2 TEX52 H2AB1 ADAMTS20 SPANXN5 MYH3 OR11L1 PKNOX2 ODAD1 PGLYRP3 TLE2 OR2Z1 AWAT1 DMBX1 MROH9 TMDD1 ZNF783 OR5I1 ADAM33 GPX2 OR14K1 ENTPD8 LOC647264 OR4S2 SLC16A8 OR2B3 FAM53A PRICKLE4 RSPH6A LRRC31 OR4F29 FAM236A ARHGAP22 SOX14 OR9G9 MEIS2 SLC45A3 KRTAP5-11 GPR148 MLNR ASCL3 NPY4R2 TAS2R40 KLK9 FAM246A CIB4 OR2A4 NPY4R CROCC2 MYO15B EDDM3B OSBPL5 OR2W1 SCYGR7 PLXNB3 MAS1L NINL FAM25A NACAD KCNU1 OR14A16 PDX1 HRURF CFAP157 KCNK16 RNASE8 USP17L13 SPANXA1 IFNA10 TBX22 OR8H3 CDK18 RNASE12 QRICH2 A3GALT2 SSX2 PAX4 SCYGR1 ACSM4 COL9A2 GRIFIN GARIN5B SAA2-SAA4 CDY1B RBMY1F RTEL1 TSSK2 CCT8L2 TJAP1 THSD7B USP17L5 LDB3 TMEM72 KANK4 OPTC OR6F1 OR1R1P SSX2B DEFB106B CSP1 OR6C70 OR6V1 LOC124907358 USP17L23 SCYGR4 CCR9 FAM170A HOXD1 GAS8 ADGRF1 RBMXL2 LOC124903619 NAPSA OPLAH FOXE1 VN1R3 KRTAP19-3 KLHL40 CALML3 MYO1A FAT2 ASIC4 FAM90A3P OR5C1 OR4F16 OR10W1 ADGRD2 CFAP100 PMIS2 CLCP1 TMEM210 OR1L4 HOXC12 OR1L6 GRIP2 KRTAP5-3 TCF21
12.81466,21.797316,Cluster 7,CAUDATE NUCLEUS MOUSE,CIMIP1 DMKN SPRR1A TMPRSS6 CD5L CACNG1 AB124611 LRRC10B IRF7 TIMP1 DRD2 CD4 MMP3 IL19 UPP1 NEU2 ADORA2A TMEM158 ACTN2 BC051665 RASD2 SYNDIG1L ARL11 BCL3 CHRM4 PHOX2A CH25H ADAM8 GNG7 H2AB1 CRYBA4 RGS9 PNMT CBR3 LBX2 PPP1R1B FGF16 CST7 HPCA PCSK9 HK3 TNNI1 CAPG KLK9 SLAMF9 HMOX1 STRIT1 CD68 BRMS1 KLC3 LCN2 LGALS3 EPO CLDN14 SOHLH1 FOLR2 FAM240A TGM1 SNAI3 EPOR FFAR3 ZBP1 TNFAIP8L2 GPNMB CLEC4D LRRC25 SERPINA9 VRTN GPX6 IDO1 RAPSN APOC2 FOSL1 NRTN GSC2 GDF15 GPR6 LARS2 WNT1 ASIC4 MT2 PDE1B PLIN2 UBE2L6 RXRG PTX3 S100A3 SLC16A3 CSF3
-9.986445,9.021327,Cluster 7,NUCLEUS ACCUMBENS HUMAN,SLC35D3 LHFPL1 PRLR GPR149 PPP1R1A PRKCH KL DGKK GOLGA8F SMCP LAMP5 BSPRY TMEM272 OTOF SMOC2 H2AL3 HSD17B6 MDFIC2 AGBL1 PDYN GJA3 RGS14 NCDN ARPP21 HTR1B DRD2 DRD3 POU3F4 ANO3 CCDC88C LHX8 SPATA48 KHDC1L DRD1 ADORA2A COCH FAM237A GPR139 LPL ODF1 DGKH AMBN BRS3 INPP5A LOC128125817 LINGO3 GAGE12J SYNDIG1L SYTL5 LRRC14B STRIP2 MUC15 LAMC2 PCP4L1 B3GNT2 DAW1 SCN4B DACT2 EYA1 ANKRD34B GPR101 GNG7 ERICH5 OR11H7 KCNAB1 PTPN5 GPR88 DGKI PCP4 SERTAD4 OR13C5 SV2C CHAT PPP1R1B MCTP1 OPRK1 HPCA SLC9A7 GPC5 DEFB112 RGS8 IMPG1 MINDY4B KCTD4 GOLT1A DSG1 OR2F2 TDRD5 CPNE5 TNFRSF8 GPR52 RESP18 PENK PTPRQ TOMM70 ZBED2 ACVR1C HTR1D GPR55 CT45A8 LDAF1 CT45A7 H2AP MME MYB PDE7B KCNA4 COL17A1 MACROD2 CALB1 KCNJ1 NPPB LOC107986768 SYT10 HTR2C DDO VAT1L SYNPR HTR6 APLF DCLK3 LEXM TMTC1 AKAP5 RARB RXFP2 HTR4 CRYM COL6A5 DIRAS3 ONECUT2 MAT1A GPR6 GNAL ISM2 ANKRD63 SBSN PWWP4 CT45A9 PDE1B SH3RF2 ENTHD1 RIC8B MYO3A CT45A6 P2RY1 CAMK4 DGKB PPP3CA
-9.727503,8.774467,Cluster 7,PUTAMEN HUMAN,SLC35D3 PRLR GPR149 GOLGA8F KL DGKK LAMP5 BSPRY TMEM272 OTOF MDFIC2 RGS14 ARPP21 DRD2 DRD3 ANO3 CA12 LHX8 OR8B2 DRD1 ADORA2A COCH FAM237A GPR139 LPL CENPS-CORT DGKH NOS1 HSFY1 AMBN GLP1R LOC128125817 SYNDIG1L SYTL5 CPA3 SLITRK6 STRIP2 GRXCR2 MUC15 SST PCP4L1 SCN4B COL6A6 DACT2 ANKRD34B GPR101 KCNAB1 GPR88 PANX3 SV2C CHAT MCTP1 SLC9A7 RGS8 IMPG1 MINDY4B NBPF6 TDRD5 GPR52 TNFRSF8 SPDYE13 PENK PTPRQ ZBED2 STRIT1 GOLGA8T ETDA GPR55 H2AP MME OR8B4 PDE7B KCNA4 CALB1 KCNJ1 HTR2C PDE10A DCLK3 RXFP2 CORT HTR4 ONECUT2 GPR6 GNAL GOLGA8G NBPF4 ANKRD63 PDE1B SH3RF2 ENTHD1 ENTPD3 RIC8B MYO3A TACR1 TBL1Y CT45A6 DGKB
-9.556695,9.247222,Cluster 7,CAUDATE NUCLEUS HUMAN,SLC35D3 GPR149 PPP1R1A LOC128125818 TBC1D3F BSPRY TMPRSS6 ADAM23 CORO7-PAM16 TMEM272 TBX15 FBXL16 OTOF H2AL3 MDFIC2 SYT2 ZBTB7A JCAD GJA3 RGS14 OSBPL8 ARPP21 ARHGAP40 TEX15 KLF15 DRD2 DRD3 GOLGA8J ANO3 POU3F4 LRRN1 LOC128706665 CCDC88C LHX8 KCNH4 CA12 PPP3R1 WIPF3 KPRP DRD1 NEU2 SIX3 CCDC39 ADORA2A HOMER1 COCH GPR139 LPL DGKH AMBN GLP1R RASD2 LINGO3 SYNDIG1L REN ADIG STRIP2 MUC15 STRN WNT6 FAM90A8 FLT4 PCP4L1 CHRM4 B3GNT2 LOXHD1 DLX6 SCN4B DACT2 EYA1 ANKRD34B FHDC1 GPR101 GNG7 KCNAB1 RGS9 KCTD1 GPR88 DGKI PANX3 TUNAR PCP4 SV2C CHAT PPP1R1B MCTP1 HPCA SLC9A7 PRKCB RGS8 MINDY4B GPR158 NBPF6 PRKAG3 GPR52 TNFRSF8 PENK ZBED2 CDK5R2 GOLGA8T GPR55 POU1F1 CT45A7 B3GALT5 H2AP MME SPACA1 HIVEP2 PDE7B KCNA4 MACROD2 BCL11B CALB1 SLK OBSCN PDE10A HTR6 DCLK3 GOLGA8K OR10H4 LOC128462377 MEIOSIN HS3ST5 MLDHR ONECUT2 GPR6 GNAL PLCB1 NBPF4 BUB1B-PAK6 ANKRD63 SH3RF2 PDE1B ENTPD3 MRGPRD RIC8B MYO3A TBL1Y DGKB ADCY5
-0.3488019,11.054263,Cluster 7,GLOBUS PALLIDUS HUMAN,OR8U1 ERP27 AMELY SLURP1 LOC128125818 CHADL SCGB1C2 SMIM5 TNFRSF13B RNF151 LACRT OR52J3 TMPRSS6 IL21 PTTG1IP2 LLCFC1 GML COL16A1 OR10J5 OTOF USP17L3 PSAPL1 LOC128092253 H2AL3 MOGAT2 AATK GKN1 CYP11B1 TEX13D ANHX OR2S2 CROCC USP17L8 TMEM247 CCDC154 HIP1R ARHGAP40 EBLN1 MYO18A CCDC88C KCNH4 PHLDB1 IFNA6 LOC124900573 HTR3C CLASRP ADAMTS14 KIAA1755 DNMT3L LOC127898562 CCDC61 PLA2G2E TAF11L8 OR1K1 MT1HL1 MFSD6L REN ADIG COL11A2 SCYGR6 WNT6 IFNA13 AMIGO3 WFDC6 SRPK3 LOXHD1 CERCAM VCX3A OR6B2 FAM25G CCDC116 LCN9 TEX52 PLEKHG3 RXFP4 MYH3 RGS9 HLA-DQB3 PNMT PGLYRP3 PANX3 CT47C1 FAM236C SLC16A8 FAM90A5P FAM53A HIPK4 CCDC78 OPN4 MAGEB18 ZGPAT RSPH6A OR4F29 TEX33 MEIS2 HHATL PASK NBPF6 PRKAG3 MLNR CCDC13 COL9A3 TMEM171 MYO15B DEFB104A NCR2 PLXNB3 ANKK1 PDX1 TMEM235 HRURF OPN1MW3 SPINT4 H2AP OR13J1 CDK18 MYH7B FAM236D OBSCN SCYGR1 COL9A2 DOK7 GTSF1L TJAP1 LDB3 TPSG1 OPTC OR1R1P HTR6 SEMA3B SPANXN4 IRGC SVEP1 MYMK OR6V1 TBC1D26 CCDC166 PRB1 VSTM2B MEIOSIN FAM170A TEX13B ADGRF1 LOC124903619 HPN KLHL40 GUCA2A NBPF4 FAM90A7 WNT1 FAM90A3P OR5C1 CYP11B2 MAGEB3 OR4F16 TMEM210 HOXC12 OTOP1 MRGPRD YJEFN3 PDE6B NT5C1B-RDH14 GPR152 INF2 TCF21
-0.847449,10.625062,Cluster 7,BASAL GANGLIA HUMAN,LOC101929775 LOC127903862 KIR2DL3 NEU2 TSSK2 LOC128092248 HSD11B2 FAM209A KRTAP10-7 OXT LOC128031836 SYNDIG1L GML TNFRSF6B SLC25A23 PRB1 LOC128092253 CETN1 CYP11B1 ISM2 CLDN22 ZCCHC13 CYP11B2 SMIM39 OR52E8 VN1R2 DRD2 TEX36 LOC128092250 KPRP SPDYE14
12.524787,21.282755,Cluster 7,STRIATUM MOUSE,DRD1 ADORA2A MARCO PDE10A SERPINA9 CCER1 GPX6 IDO1 ATP2A1 MYH4 STRIT1 ANKK1 LRRC10B KRTAP10-10 GPR88 EPO IL1R2 IL20RA SH3RF2 CD4 FFAR3 EPYC
7.9601803,4.666554,Cluster 8,SUPERIOR COLLICULUS MOUSE,GNAT1 POU4F3 RCVRN SLC24A1 GNGT2 FOXA2 S100A7A RPGRIP1 CACNA1F RTBDN PDE6C FGF20 TRARG1 GLB1L3 TRPM1 POU4F2 NXNL2 FBXO46 RP1 GUCY2C RUFY4 RD3L MPP4 LTC4S GP9 PDC REEP6 COLEC12 GSG1 OTOR BSND NR2E3 GABRR3 PITX3 FOXA1 TFAP2D PCARE IRX6 DRD3 GMFG OPN1MW GNAT2 CNGA1 AIPL1 TEX28 EN1 CHRNB3 GNB1 CNGB1 LYVE1 BHLHE23 GRM6 NRL GSG1L2 MGARP LACTBL1 AIF1 FABP12 VSX2 KCNV2 HSF2 CRYBA4 GLIPR1 ARR3 RUNX1T1 DMBX1 DERPC GPA33 TMEM37 ROM1 VSX1 CPLX4 GUCA1A OPN1SW GNB3 LILRA5 TSLP KRTAP4-2 RP1L1 CHRNA6 RBP3 MS4A7 GUCA1B SOX14 LNP1 STAB2 IMPG1 PITX2 GRTP1 NEUROD4 TFAP2B PAX7 CCL24 SUSD3 PDE6H CRX TULP1 RD3 CLEC10A SLC2A5 LRIT1 CCDC152 SCGN 4933431M02RIK CNGB3 1700120O09RIK RGS9BP SMIM40 FOLR2 NXNL1 SAG SERINC4 FAM167B CABP4 LST1 CRYBB1 GABRR1 CABP5 POU4F1 DRD4 TNFRSF17 FSCN2 SLC6A3 IGSF3 BARHL1 PRPH2 7530414M10RIK CPLX3 SERPINA9 LRIT2 GATA3 AKAP5 CCDC24 ANKRD33 PPM1N PCP2 CABP2 4933401L05RIK BPIFA2 ELP6 HS3ST3B1 VAX2 GABRR2 DUOXA1 GNGT1 GJA10 RS1 TAL1 PF4 CLEC4N TIMD4 SPMIP5 PDE6B GPR152 SLC1A7 PDE6G
8.276189,5.092207,Cluster 8,PINEAL GLAND HUMAN,GATA2 SMIM44 RCVRN PTGS1 OR1J1 GNGT2 AQP3 LRTM1 PRAMEF20 PCBP3 TBC1D3F CACNA1F OR1B1 RTBDN INSRR TAAR6 SLC38A3 CRY2 GLYATL1 PRSS50 CCL1 XPO4 OR52E6 RIPPLY1 TPRX2 GRK1 PLA2G4E KRTAP10-8 KRTAP10-4 ASMT BCO1 FOXI1 CASZ1 TSPEAR CCDC33 MESP2 FRMPD1 GSG1 MYO3B TAFA4 CACNA1S GABRR3 MYPN PCARE CNGA3 XIRP1 UGT3A1 PPP1R27 SPOCD1 OR1N1 RDH8 GDPD4 ZC3H11C GNAT2 UNC13B MYOC OR13A1 MROH2B CNBD1 OR2A2 CHRNB4 AIPL1 ETDC CNNM4 TFF1 OMP TMEM244 NTF3 AMELX CGB5 BMP15 MYF5 ISL2 AMHR2 FAM163A DEFB119 TUBA4B AMBN GUCY2D CILP NTRK1 ZFAT KRT85 SPON2 ORM2 PADI1 KASH5 CPA3 LMOD1 CHRDL2 TAFA3 KRTAP12-2 KRTAP10-3 LHX4 SMIM36 CRISP2 LACTBL1 ADGRG4 REG1B KRTAP10-10 SLC5A7 CGB7 RAX DPYS TAAR2 SLC24A5 PRSS58 BTC HEYL KIRREL2 GRP RAX2 LRRC38 ARR3 MS4A18 ABCA7 PDE6G LHB KRTAP10-9 TPSAB1 CALCA ROM1 PTP4A3 BSX NEUROG1 CPLX4 GUCA1A GNB3 SAXO3 CCL13 GUCA1ANB-GUCA1A RP1L1 RBP3 AMPD2 OR1N2 AANAT OR5AC2 PRLHR GUCA1C KRTAP10-7 NEUROD4 MBTPS1 TRAF1 CACNA2D4 PRR32 DEFB134 PKP1 PDE6H CGB3 DAPL1 CRX TULP1 CEACAM16 KRTAP10-11 LRIT1 MGAT5 STX3 CLCNKA SMCO3 ASAH2 USH2A KRTAP12-3 CNGB3 EPO UBTFL1 EYS MATN2 MEI4 DEFB135 RGS9BP CRABP2 MYOD1 NXNL1 EGFLAM OR9K2 DNAJB8 HKDC1 RDH12 ELOVL3 TAAR5 TRPC7 LRRC71 PTPRN ENO3 CDHR1 GMCL2 LHX3 NRN1L SH2D2A OR1J4 ADAM7 TPSG1 DEFB136 SPINK4 IL15 PRPH2 TMEM72 NAALADL1 GDPD5 CPLX3 LMOD2 TNN PLXDC1 CCL26 LRIT2 ITGB1BP2 KRTAP10-2 PLAAT1 ETV3L WNT16 KERA ANKRD33 OR1J2 MYO7A ESM1 SPATA46 PPP1R1C TPH1 BPIFA2 KRTAP12-1 BPIFC SLC6A4 MYL4 PLCD4 ASB15 PSMA8 SERGEF GNGT1 SERPINF1 BUB1B-PAK6 ANO2 KRTAP12-4 IGBP1P2 ART4 LOC122455340 MCC WFIKKN2 TAL2 KCNH6 IMPG2 PRR16 PKHD1 TAAR8 NT5C1B-RDH14 KCNK3 GLOD5 TRPV4 RD3
8.63299,4.3105392,Cluster 8,PINEAL GLAND MOUSE,TRY4 PRAP1 LRIT3 TLX2 PDE6C 4930511J24RIK GLB1L3 TMPRSS15 CELA2A ALPI 1810058N15RIK RIPPLY1 MYOG TRIM31 PGC GSTA1 PRSS38 CYP2W1 ASMT FAM162B ARL14 HAND1 RFX6 DSG3 OTOR NR2E3 GABRR3 ETV2 LEAP2 ISX 4930465I24RIK 2010106E10RIK TMED6 DNAJC5B RDH8 GNAT2 SBP 9230112D13RIK AIPL1 4930570D08RIK HAND2 KRTAP4-16 TAC4 ABCG5 ANG2 PADI1 KLK4 PLA2G1B SERPINI2 BSPH1 SCGB2A2 LIPI SMR3A AA623943 SDR16C5 4930556G22RIK LACTBL1 CTRB1 PPP1R14D FGF8 CTRC IL3 POTEG MESP1 PTF1A FABP12 S100Z IQCF1 SMIM34 H2-M9 CELA3B PYY AADACL2 MS4A10 CLPS CPLX4 ENTPD8 BPIFB6 GNB3 H2-M10.1 RP1L1 RBP3 G6PC2 XKR9 NEUROD4 PRSS2 SLC2A7 CELA3A IAPP 1810044K17RIK LIM2 GP2 CRX LRIT1 KRT4 KRTDAP PDX1 GKN2 2200002J24RIK USH2A RBP2 CNGB3 OTOP3 SPRR1B 4930534H18RIK 1810009J06RIK 1700061H18RIK PPY LCE6A KRT33B TFF2 PHGR1 2010003K11RIK FFAR3 DEFB2 WNT3A TTLL2 CABP5 PNLIPRP1 HMX1 PRSS3 CPB1 REG3A SPINK4 LMAN1L VPREB1 ANKRD33 ESM1 GIMD1 5033423K11RIK 4930401A07RIK GIP PTH TPH1 GSC2 BPIFA2 GRXCR1 FOXE1 CTRL NAT3 RGS13 4933424H11RIK KRTAP13-20 F2RL1 TAL2 4930563N14RIK SYCN TG RAD51B HIGD1C
